1	1	A	1	408	{47A24246-6C43-48EB-968F-025738A8A410}	2014-08-08 00:00:00
1	6	B	5	324	{D4544D7D-CAF5-46B3-AB22-5718DCC26B5E}	2014-08-08 00:00:00
1	50	A	5	353	{BFF7DC60-96A8-43CA-81A7-D6D2ED3000A8}	2014-08-08 00:00:00
2	1	A	2	427	{F407C07A-CA14-4684-A02C-608BD00C2233}	2014-08-08 00:00:00
2	6	B	1	318	{CA1FF2F4-48FB-4960-8D92-3940B633E4C1}	2014-08-08 00:00:00
2	50	A	6	364	{D38CFBEE-6347-47B1-B033-0E278CCA03E2}	2014-08-08 00:00:00
3	1	A	7	585	{E18A519B-FB5E-4051-874C-58CD58436C95}	2008-03-31 00:00:00
3	6	B	9	443	{3C860C96-15FF-4DF4-91D7-B237FF64480F}	2008-03-31 00:00:00
3	50	A	10	324	{1339E5E3-1F8E-4B82-A447-A8666A264F0C}	2008-03-31 00:00:00
4	1	A	6	512	{6BEAF0A0-971A-4CE1-96FE-692807D5DC00}	2014-08-08 00:00:00
4	6	B	10	422	{2C82427A-63F1-4877-A1F6-A27B4D201EB6}	2014-08-08 00:00:00
4	50	A	11	388	{FD912E69-EFA2-4AB7-82A4-03F5101AF11C}	2014-08-08 00:00:00
316	5	A	11	532	{1EE3DBD3-2A7E-47DC-AF99-1B585575EFB9}	2008-03-31 00:00:00
316	10	B	1	388	{CB2A24D7-9B70-4140-8836-9EB7592621D3}	2008-03-31 00:00:00
316	50	B	8	441	{36B375A3-022A-45BF-B425-DBFFAAC3145A}	2008-03-31 00:00:00
317	1	C	1	283	{C04FC1CF-1D2B-4480-BA13-64C6EF780F4B}	2014-08-09 00:00:00
317	5	A	1	158	{83332A73-48A9-401D-95F4-385C944D716F}	2014-08-09 00:00:00
317	50	A	21	152	{4072C90C-A867-4F64-882F-EC45ADA1B79C}	2014-08-09 00:00:00
318	1	C	2	136	{F287EFD3-CCC5-4344-9F4A-E588BBF29801}	2014-08-09 00:00:00
318	5	A	2	171	{B62232E8-90B5-4DA1-BFE1-453AA1917EFC}	2014-08-09 00:00:00
318	50	A	22	132	{D758C516-D9BF-4AA6-8E57-F5BD6D568F97}	2014-08-09 00:00:00
319	1	C	3	308	{7367821F-BB8B-4102-86ED-A7FB7054F8E1}	2014-08-09 00:00:00
319	5	A	3	184	{BFB760AC-0767-4F76-8670-49488D0F731D}	2014-08-09 00:00:00
319	50	A	23	305	{FEBBCC76-2764-48A3-A086-77D1E883137C}	2014-08-09 00:00:00
320	1	C	4	481	{BD134ECD-D4DA-406C-A7CE-7EC40F9BCF34}	2014-08-09 00:00:00
320	5	A	4	372	{DEEDBA07-171B-4038-88A5-A57166E8F446}	2014-08-09 00:00:00
320	50	A	24	283	{4FEF28B3-6652-4D3A-999B-00784D401E42}	2014-08-09 00:00:00
321	1	C	6	569	{AFDBCF09-10F8-4F3C-86E1-379310FFBFE3}	2014-08-09 00:00:00
321	5	A	6	540	{65FC4167-6A09-46C9-A262-632B945B2FBB}	2014-08-09 00:00:00
321	50	A	26	641	{B291EE86-CB6E-4D74-B47D-B8B0794CA9C4}	2014-08-09 00:00:00
322	1	C	7	622	{7726D791-A784-4754-B144-BB25C9E2F38A}	2014-08-09 00:00:00
322	5	A	7	587	{04DA1BB9-9625-4E71-B861-93F64A3A53DC}	2014-08-09 00:00:00
322	50	A	27	475	{02D51ED0-AF15-44E9-A355-86433710B0C0}	2014-08-09 00:00:00
323	1	C	35	603	{F7863985-C001-44D5-A939-554C67DF203A}	2014-08-09 00:00:00
323	5	A	12	568	{BD637BC5-EB67-4424-8F92-DCA208276E6F}	2014-08-09 00:00:00
323	50	A	28	513	{968DAE62-EA98-49FE-B190-D1EC7B9E9F0C}	2014-08-09 00:00:00
324	1	C	36	585	{C6E3BCDE-5F39-40EF-B253-AD2B018AB1CC}	2008-03-31 00:00:00
324	5	A	13	568	{AEC9BF74-0E06-4181-B6C7-C8FA41126A4E}	2008-03-31 00:00:00
324	50	A	29	476	{CEE69FD4-22EC-4D83-B9EC-C0AF63967839}	2008-03-31 00:00:00
325	1	H	1	569	{624AC935-868E-40E0-8668-950451746F90}	2014-08-12 00:00:00
325	6	G	1	540	{CF93BBFB-A391-4313-814D-82D62FBE1AFB}	2014-08-12 00:00:00
325	60	A	1	641	{D42750B2-2C8A-4457-9DDA-4B43CBDC4594}	2014-08-12 00:00:00
326	1	H	2	622	{71A75809-8B9E-4F87-8687-8BDD367F2F72}	2014-08-12 00:00:00
326	6	G	2	587	{67777062-A86A-4FED-BF8F-F7641EDF9444}	2014-08-12 00:00:00
326	60	A	2	475	{EADAA7F8-E962-46C4-977F-05538C494BCD}	2014-08-12 00:00:00
327	5	K	1	408	{61ADD309-16EF-40D4-9853-548F4EFDC40C}	2008-03-31 00:00:00
327	10	F	1	443	{553C89BB-2063-48E3-966F-B557EFD1F4E9}	2008-03-31 00:00:00
327	50	B	9	513	{A3AAD1F8-BA38-4F6C-99D3-DBC5E2BC9774}	2008-03-31 00:00:00
328	5	A	8	568	{BF52885D-74A3-422B-8C75-8A46350D9A6D}	2008-03-31 00:00:00
328	10	D	1	585	{C6C865B4-0DB2-44B7-9D5F-12D43B75F803}	2008-03-31 00:00:00
328	50	A	14	476	{EA52800F-A344-4C4A-9E37-D48A67FBBB6C}	2008-03-31 00:00:00
329	5	A	9	558	{7A1417A3-21EA-4DA1-B3D1-E85BAB7D8A9E}	2008-03-31 00:00:00
329	10	D	2	576	{AD6DB38A-997B-4AD8-A03B-7F38F8C3B7E1}	2008-03-31 00:00:00
329	50	A	15	467	{6CB842CB-7B2F-4D89-9187-3C81630FB907}	2008-03-31 00:00:00
330	5	A	10	548	{AD971345-BF63-47D4-975D-C56A6081FF0A}	2008-03-31 00:00:00
330	10	D	3	566	{FF9889D7-E242-4761-ACE0-EB0D95147FA8}	2008-03-31 00:00:00
330	50	A	16	457	{E6D96AF6-7E4C-46F7-9A2C-5E94CF403888}	2008-03-31 00:00:00
331	5	J	5	574	{D52D418A-C295-4CB9-A410-8EE245FC61A7}	2008-03-31 00:00:00
331	10	C	6	441	{1D251426-738F-4B5A-96C2-3C9226E18905}	2008-03-31 00:00:00
331	50	A	12	390	{85990921-D43F-41F9-9095-5863D687BB43}	2008-03-31 00:00:00
332	5	J	6	344	{171A680F-7A90-45DF-980D-48757F4B4EB4}	2014-08-12 00:00:00
332	10	C	7	233	{7A23DC3C-9BDC-4AA5-BA41-0C4E9F4B6E18}	2014-08-12 00:00:00
332	50	A	13	267	{C08F7632-254C-43EA-BF10-8EC79BBB4374}	2014-08-12 00:00:00
341	1	E	4	372	{00EED5CA-525C-4174-885D-846DEEFC223E}	2014-08-12 00:00:00
341	50	G	10	392	{AFB7CA1E-6F91-459B-B508-31D773564AC8}	2014-08-12 00:00:00
341	60	S	1	339	{A07991C9-CE2F-4081-A5F3-AC4DE98BA485}	2014-08-12 00:00:00
342	1	E	5	369	{FEA262C8-D498-4B77-B8FE-82258AFF6AD6}	2014-08-12 00:00:00
342	50	G	12	388	{EC6C3097-17F6-4108-A55B-3C239A965360}	2014-08-12 00:00:00
342	60	G	11	336	{7542FCE0-B9F7-42EC-9671-A4809C568743}	2014-08-12 00:00:00
343	1	E	6	568	{A82C0072-9A18-4318-A62A-92304EEB0443}	2014-08-10 00:00:00
343	50	S	3	606	{656A9A1F-6F1E-4D75-9CA5-FCD0FE3CC27B}	2014-08-10 00:00:00
343	60	S	2	499	{0F5D6037-A8C6-49B4-92B8-A50DC5880372}	2014-08-10 00:00:00
344	1	E	7	358	{000C77AB-C1D6-4F8E-A66D-ED8068140D8C}	2014-08-10 00:00:00
344	50	G	14	332	{6AD6B192-073E-49FE-97B0-1567C4F40778}	2014-08-10 00:00:00
344	60	G	13	382	{0A5EC50B-6C5D-4E08-B126-516EBA2006D3}	2014-08-10 00:00:00
345	1	E	8	321	{05E0EE89-8462-4B52-BC3C-7C7735214C05}	2014-08-10 00:00:00
345	50	G	15	315	{D4A2CFDA-F3A3-4A65-80B5-CCC70B046D4C}	2014-08-10 00:00:00
345	60	S	4	300	{331A2238-A0E4-4685-ADFD-F5B4F1AF9A5F}	2014-08-10 00:00:00
346	1	E	9	585	{11BC6F46-10DC-4771-AC9A-E2179F1B2461}	2014-08-10 00:00:00
346	50	S	6	476	{38F17071-FE89-4CB2-ACE2-CCB8F0CF0F7E}	2014-08-10 00:00:00
346	60	S	5	641	{24A6F94A-DA92-4566-91C8-59218A6CB9D9}	2014-08-10 00:00:00
347	1	E	10	318	{7295A247-2228-44B0-8218-0CB9908A5AC4}	2014-08-12 00:00:00
347	50	G	17	246	{87DD4E3B-4A78-47A4-9D45-685A43C91B8E}	2014-08-12 00:00:00
347	60	G	16	332	{206AAFB1-15F7-4DC4-B8EE-B3EB772EEB4D}	2014-08-12 00:00:00
348	1	E	11	323	{CDAB8141-2896-4B9D-A332-5F726EE6CB23}	2014-08-12 00:00:00
348	50	S	8	251	{0D8FE9AA-D64A-4842-9856-42AAD33DE485}	2014-08-12 00:00:00
348	60	S	7	337	{3E598D72-9120-42EA-9FA7-A0E2929E2538}	2014-08-12 00:00:00
349	1	E	12	328	{7109150F-14A3-4EAC-B72F-E128B3044ABF}	2014-08-12 00:00:00
349	50	G	18	256	{604C83FD-5918-4951-B8A2-2D047C0768AB}	2014-08-12 00:00:00
349	60	S	9	342	{332C44E7-F145-4BB2-BB36-FE8F9BD93596}	2014-08-12 00:00:00
350	5	J	2	622	{50BE1FE4-C767-41D9-BD46-748A31A0768D}	2008-03-31 00:00:00
350	10	C	3	406	{2E276E50-EFA2-4C02-B1C1-4999E16A1799}	2008-03-31 00:00:00
350	50	A	2	313	{9A23C432-BA8B-4F05-B7B4-94E451F01C24}	2008-03-31 00:00:00
351	5	J	3	179	{D1F587A6-A29F-47A6-88E5-30E9ECA52AB3}	2014-08-10 00:00:00
351	10	C	4	281	{8727068F-3B49-4031-AE74-31DE17693D6B}	2014-08-10 00:00:00
351	50	A	3	145	{A1962B7F-EC0E-43AC-80BB-A04E7CF0E31D}	2014-08-10 00:00:00
352	5	J	10	300	{F8BEF986-C583-4428-A515-358CEBEFF3B9}	2014-08-10 00:00:00
352	10	C	1	278	{71EA95CB-6490-4DB9-BEB3-38E565F45630}	2014-08-10 00:00:00
352	50	A	20	195	{1E6BAFF0-75FC-4C17-9B8F-164DB2531564}	2014-08-10 00:00:00
355	1	D	16	276	{8AD0C765-F104-4435-AFEB-0BBD74D6B08C}	2014-08-05 00:00:00
355	6	H	16	257	{2D1D737D-8877-4B9E-BAEC-DA6FE962E19C}	2014-08-05 00:00:00
355	50	C	1	289	{983C8FB4-B5A3-4DE8-97C0-C1D050E5848A}	2014-08-05 00:00:00
356	1	D	17	262	{6DE6FDD4-8DE6-478A-A7CB-312E68EDD8C6}	2014-08-12 00:00:00
356	6	H	17	243	{A03019E1-CD99-43ED-A1C7-6FF207AD3CE0}	2014-08-12 00:00:00
356	50	C	2	275	{D604707D-B5C2-49CF-A983-8934523E186D}	2014-08-12 00:00:00
357	1	D	18	248	{A492EC7B-D2A7-48F0-9BC6-66C779AFEAD3}	2014-08-12 00:00:00
357	6	H	18	228	{866AC631-6597-4B06-B019-8F040F552E49}	2014-08-12 00:00:00
357	50	C	3	260	{E879CFEB-5115-421B-BFE2-7376B72AFB4C}	2014-08-12 00:00:00
358	1	D	19	233	{DDAB150A-235C-432A-83D2-0822DB1B057D}	2014-08-12 00:00:00
358	6	H	19	214	{536B55D9-5DCF-4AF1-BC64-F19DD5022086}	2014-08-12 00:00:00
358	50	C	4	246	{0511F131-8A69-4975-AA97-54F366D8B211}	2014-08-12 00:00:00
359	1	C	8	369	{46BC0376-AD5C-4BDC-99D4-55A959F32163}	2014-07-28 00:00:00
359	6	R	1	360	{2D7484F7-F157-43E1-B33F-87CE2F94B360}	2014-07-28 00:00:00
359	50	E	1	374	{52B0910C-93B1-47A6-B2B7-D78F14EBB914}	2014-07-28 00:00:00
360	1	C	9	363	{B16BDAD8-4778-41AB-984D-D2DE2927E3B8}	2014-07-28 00:00:00
360	6	R	2	353	{73DE1D45-D603-4C5C-BD6A-78A49943B502}	2014-07-28 00:00:00
360	50	E	2	368	{01ADD3D7-E329-4167-9B7C-F3A2C31A25E1}	2014-07-28 00:00:00
361	1	C	10	499	{55B9556B-A6BF-4BE1-8C4B-94510D875D60}	2014-08-03 00:00:00
361	6	R	3	601	{4351724C-18C7-4E48-8E69-F0158E60E823}	2014-08-03 00:00:00
361	50	E	3	531	{F340EB47-1825-4E24-A2F8-C3DAAAC9D1BC}	2014-08-03 00:00:00
362	1	C	11	377	{2D215F50-E878-41FF-BE20-C30A74A4502A}	2014-08-03 00:00:00
362	6	R	4	315	{D0EA3625-0C56-4380-8363-BF79B3DF9870}	2014-08-03 00:00:00
362	50	E	4	334	{9EAD4EFE-86A5-4787-94F3-045D1636EF3D}	2014-08-03 00:00:00
363	1	C	12	499	{2E2BC76C-4EE0-47A1-9A60-EA46E3659E4A}	2014-08-03 00:00:00
363	6	R	5	643	{7322A3FA-0786-4BE6-A232-6E9613B4CCD0}	2014-08-03 00:00:00
363	50	E	5	619	{BA60B595-1709-4BB1-A224-D9D56DC7C70A}	2014-08-03 00:00:00
364	1	C	13	368	{0336DF16-7E36-4C21-BD6E-059123A74698}	2014-08-08 00:00:00
364	6	R	6	358	{015F9608-E327-446F-B9A1-9B35386CA195}	2014-08-08 00:00:00
364	50	E	6	326	{85014570-7BC6-4553-B8F5-40009658E395}	2014-08-08 00:00:00
365	1	C	14	411	{517E8517-442E-4498-BFFE-6ED02467EECE}	2014-08-08 00:00:00
365	6	R	7	691	{F7E2000A-42BC-4763-B78E-B8DEB7AEE3AF}	2014-08-08 00:00:00
365	50	E	7	619	{84066D8C-DECE-401E-8E3B-8513DB83BA0E}	2014-08-08 00:00:00
366	1	C	15	318	{9CFE6D84-71ED-4032-88B4-1B0920740597}	2014-07-28 00:00:00
366	6	R	8	299	{09EB5C91-F9C3-4C08-9DD4-7B1B5E8B54BB}	2014-07-28 00:00:00
366	50	E	8	412	{DF23C794-808E-417D-953B-4499F97A8768}	2014-07-28 00:00:00
367	1	C	16	643	{5F1C3630-0C24-433A-8CF3-40F4B40606DB}	2014-07-28 00:00:00
367	6	R	9	689	{70153711-7AAF-4DA3-993D-9FCE9CF137CB}	2014-07-28 00:00:00
367	50	E	9	569	{2CD85F13-0B80-4312-AFBE-750362C45F34}	2014-07-28 00:00:00
368	1	C	17	369	{ABF23795-41AB-4E61-9697-725825F2C0E3}	2014-07-28 00:00:00
368	6	R	10	360	{A693AA01-3638-452C-ABF8-F50552BE92D9}	2014-07-28 00:00:00
368	50	E	10	374	{35CC6156-AE35-4251-9856-BF15DB9ED147}	2014-07-28 00:00:00
369	1	C	18	363	{952F0127-CB2A-4FFB-90CB-E92EB69E7498}	2014-07-28 00:00:00
369	6	R	11	353	{79A3D625-139B-4A85-BF48-5C5405E5CAC6}	2014-07-28 00:00:00
369	50	E	11	368	{46CA8287-B665-444D-80B1-2D4AFCA5C039}	2014-07-28 00:00:00
370	1	C	19	252	{6A2188AF-2B6F-4D9B-917E-86C78968A293}	2014-08-03 00:00:00
370	6	R	12	155	{D9FE0218-5528-4001-B11D-AA39001C3297}	2014-08-03 00:00:00
370	50	E	12	476	{A4937BA2-AC13-4BDF-BF6F-75A94B3408AA}	2014-08-03 00:00:00
371	1	C	20	585	{ACBB836B-9CCB-4A59-887B-394899FBA961}	2014-08-03 00:00:00
371	6	R	13	649	{DA646C40-BEF6-4855-BDF3-BA1C29907B99}	2014-08-03 00:00:00
371	50	E	13	547	{FC7E0E74-3314-4F38-89B1-E809C2E518C7}	2014-08-03 00:00:00
372	1	C	21	281	{44970271-6E78-4913-96FB-C000CA9BE1F7}	2014-08-03 00:00:00
372	6	R	14	344	{68466DF2-9832-4A64-9645-6FA5783A1F97}	2014-08-03 00:00:00
372	50	E	14	272	{4679584B-36E7-4292-B2D4-540EB0BAA4FF}	2014-08-03 00:00:00
373	1	C	22	284	{E95FDB19-5E04-4F6F-B4AC-BEC51F93004C}	2014-08-08 00:00:00
373	6	R	15	347	{F888A98F-2614-4AC6-AF4C-0BC0B0E87661}	2014-08-08 00:00:00
373	50	E	15	275	{4EFF169F-6B4D-4D55-BC97-90A5FCF3C9D6}	2014-08-08 00:00:00
374	1	C	23	288	{7E32714A-875C-4446-A94E-26CA13F33B58}	2014-08-08 00:00:00
374	6	R	16	350	{8A8F612F-A214-4AA0-AE77-F0AB1518C29D}	2014-08-08 00:00:00
374	50	E	16	278	{5926BFE2-BF96-469E-BBDD-7217FAAE18C5}	2014-08-08 00:00:00
375	1	C	24	291	{4BD22B4E-4B98-499D-B3A2-A5D848A93B9F}	2014-08-12 00:00:00
375	6	R	17	353	{708E8581-B834-4122-B095-DCADA0A33139}	2014-08-12 00:00:00
375	50	E	17	281	{29695D30-491F-4125-86DE-ACF27267C6FD}	2014-08-12 00:00:00
376	1	C	25	585	{9117D3DD-C5FC-4274-826B-6A1E018592E7}	2014-08-12 00:00:00
376	6	R	18	649	{59B30EE5-AA05-4069-914A-01A4860DACCC}	2014-08-12 00:00:00
376	50	E	18	547	{CFD04477-1D95-4065-AD38-7261F8267D24}	2014-08-12 00:00:00
377	1	C	26	249	{64451B09-A02D-4A97-97E7-3FD1F603656C}	2014-08-12 00:00:00
377	6	R	19	299	{AE60C83A-108B-439E-87CC-F209F0F734F1}	2014-08-12 00:00:00
377	50	E	19	393	{D4F21A3B-F52F-4C25-A3DB-07450393A97E}	2014-08-12 00:00:00
378	1	C	27	244	{7F9DE9EA-C846-4941-8D0B-67BF96CF3ECF}	2014-08-12 00:00:00
378	6	R	20	294	{BA32E523-8A33-4721-8EDA-F8B7FBB66F84}	2014-08-12 00:00:00
378	50	E	20	388	{403788EA-0FB8-4A35-95A5-6FAD3BA02B5F}	2014-08-12 00:00:00
379	1	C	28	323	{426D1C6B-0C59-42D4-8D48-8D62BBD19532}	2014-07-19 00:00:00
379	6	R	21	897	{78120DF1-86F2-4B14-B0D4-782FA1FDF229}	2014-07-19 00:00:00
379	50	E	21	691	{D94ABA0D-56F0-4FBD-BC2C-1917C8BEC2DD}	2014-07-19 00:00:00
380	1	C	29	156	{7AAE8563-ADD3-47A3-8D6D-D20A9EC019B5}	2014-07-25 00:00:00
380	6	R	22	264	{9FDE5EBA-17E5-4A45-A8E7-BA45AAC01314}	2014-07-25 00:00:00
380	50	E	22	350	{2940C078-3E2B-4151-A6D5-61713F51672C}	2014-07-25 00:00:00
381	1	C	30	163	{87B51434-9D2D-4491-BD93-5D7C38C2305E}	2014-07-25 00:00:00
381	6	R	23	270	{F7583DF4-5C0C-4DB3-BD31-1BB00FE8D6C2}	2014-07-25 00:00:00
381	50	E	23	356	{9ACDB34C-5342-472F-A185-904EAE6D9113}	2014-07-25 00:00:00
382	1	C	31	169	{2D6D664E-2220-49E2-A263-4C53BE5C2065}	2014-07-31 00:00:00
382	6	R	24	276	{9E0934F9-7BA9-4DEF-B901-DFBA82C75C5D}	2014-07-31 00:00:00
382	50	E	24	363	{288103E3-3B2C-437C-B350-98F3126CDF6D}	2014-07-31 00:00:00
383	1	C	32	587	{8FF37375-BDD1-44B8-8085-8FBCBF59B061}	2014-07-31 00:00:00
383	6	R	25	676	{1BF6A76B-16C5-44D6-8C8F-BA0458FBEEC0}	2014-07-31 00:00:00
383	50	E	25	638	{F21E0CED-EBB8-4298-A5D2-B4C86019FD3D}	2014-07-31 00:00:00
384	1	C	33	299	{17080020-ED82-44D6-BC22-70D48FCB8010}	2014-07-31 00:00:00
384	6	R	26	217	{D70C97EA-BA23-4B1D-9B94-CB8DA7420B08}	2014-07-31 00:00:00
384	50	E	26	304	{8EF1BD2A-DBAA-4A4D-82E6-8CA69A67F2C1}	2014-07-31 00:00:00
385	1	C	34	619	{B2E01D6B-62F3-4731-B05C-B3C726300AD0}	2014-07-31 00:00:00
385	6	R	27	526	{63C7FAF1-9573-4A7F-B9BB-CE0D5999ABBD}	2014-07-31 00:00:00
385	50	E	27	633	{2AF00B07-8F20-41B4-9141-FACC338D46EA}	2014-07-31 00:00:00
386	1	D	1	148	{2BB4D4D9-B826-4A68-8A81-CBDDF6DD8847}	2014-08-05 00:00:00
386	6	R	28	192	{C5BCD527-544A-4C25-9091-D71CE3B6F481}	2014-08-05 00:00:00
386	50	E	28	385	{52A0BC53-3DB4-4D59-937E-D27B88EAE7ED}	2014-08-05 00:00:00
387	1	D	2	524	{C3F68247-C17D-4C33-B932-51845CE15B41}	2014-08-05 00:00:00
387	6	R	29	710	{6B8A8F43-0EA9-419A-BB6A-1880F396F8BA}	2014-08-05 00:00:00
387	50	E	29	654	{0C6D6619-80DF-414E-90CF-D16CF513762A}	2014-08-05 00:00:00
388	1	D	3	292	{5CD35680-EA12-4299-B8A5-C2C34A1C1B2D}	2014-08-05 00:00:00
388	6	R	30	140	{ADB0E9A5-3E3B-4D32-84A4-DCABB4800B99}	2014-08-05 00:00:00
388	50	E	30	366	{FB84C5FB-1F0A-430A-B0A7-60B5A6039459}	2014-08-05 00:00:00
389	1	D	4	657	{1BC79480-0BD2-406F-A8BC-0044B056BFF1}	2014-08-10 00:00:00
389	6	R	31	691	{53E256E6-3196-4632-A449-265998C40575}	2014-08-10 00:00:00
389	50	E	31	460	{E7BFF7C6-0C4E-4739-81DC-B1343FCF0AE6}	2014-08-10 00:00:00
390	1	D	5	292	{A9B93FBD-BCDE-4ED6-BFB3-1E2F9A970F29}	2014-08-10 00:00:00
390	6	R	32	140	{F8867B2B-1A45-40E5-AE45-E7179B1CF0B6}	2014-08-10 00:00:00
390	50	E	32	366	{9983EEA3-D2E9-466B-8A45-9DCBA1505CD0}	2014-08-10 00:00:00
391	1	D	6	296	{214CD58D-24F1-4937-B06A-855C53E17511}	2014-08-10 00:00:00
391	6	R	33	144	{AAAD4A7D-9A70-4D16-9DE2-46D82415B7EF}	2014-08-10 00:00:00
391	50	E	33	369	{E3F44CA3-8527-45F9-91F8-1D863E1AE757}	2014-08-10 00:00:00
392	1	D	7	299	{E6726B0D-1F11-40F9-890B-4BEA7C2384F6}	2014-08-10 00:00:00
392	6	R	34	147	{8A1608D2-8C67-44BC-81A2-41FA849AF519}	2014-08-10 00:00:00
392	50	E	34	372	{01545F11-5822-43E1-821C-BBE6C3D3F0C9}	2014-08-10 00:00:00
393	1	D	8	603	{CE7EDF53-F13D-45E7-8BCD-707C4B53E1C5}	2014-08-10 00:00:00
393	6	R	35	780	{CFD67534-3382-43D6-9DE3-5A275D809EA3}	2014-08-10 00:00:00
393	50	E	35	497	{AEF7AC8C-D595-4DFB-B41E-9536FED7A993}	2014-08-10 00:00:00
394	1	D	9	302	{72090DAE-C90E-4B90-B752-E7518C177BB2}	2014-08-12 00:00:00
394	6	R	36	150	{D77FDAE7-048D-4EE9-BE37-42EB722C8117}	2014-08-12 00:00:00
394	50	E	36	459	{3A5BE20F-ECB6-45B2-A948-98C47BECE24C}	2014-08-12 00:00:00
395	1	D	10	281	{ABF6B89A-1931-4179-B851-39A49CD83FFF}	2014-08-12 00:00:00
395	6	R	37	355	{72D6C080-9F91-4DAC-8E7A-EE4161947A65}	2014-08-12 00:00:00
395	50	E	37	148	{F0AB1A66-42BA-4B10-9E75-61E0E6FD8463}	2014-08-12 00:00:00
396	1	D	11	636	{290EF0F5-E1BB-417A-A8D8-1D5E25E791FC}	2014-08-12 00:00:00
396	6	R	38	585	{F7225878-8A03-4467-8184-C81A8F9BC451}	2014-08-12 00:00:00
396	50	E	38	603	{7B36C058-DC0C-4404-94A2-700E6EEB7DE9}	2014-08-12 00:00:00
397	1	D	12	339	{F38A392F-DF6E-4B83-AAAF-44FCA31F2443}	2014-08-12 00:00:00
397	6	R	39	550	{C5C52BC6-895C-4900-A4D6-9699DB354C9D}	2014-08-12 00:00:00
397	50	E	39	763	{DE7CF261-ED7A-4B59-B06E-5AAA930120FC}	2014-08-12 00:00:00
398	5	B	1	372	{5C40B94F-9012-4610-A30E-614E09B73790}	2008-03-31 00:00:00
398	10	B	4	404	{1D6C48D5-8351-49C1-988C-5B54C8FC19F2}	2008-03-31 00:00:00
398	20	A	3	550	{BE99281E-BA29-4E3B-8CEB-40EAB801E74E}	2008-03-31 00:00:00
399	5	B	2	366	{41F877C5-B77C-4F3E-9DE1-E0065248FF2E}	2008-03-31 00:00:00
399	10	B	5	398	{A36CAEB3-7E04-467E-A884-58A076A04844}	2008-03-31 00:00:00
399	20	A	4	544	{2519471E-47B8-40B0-AD78-1D9FA2E1922E}	2008-03-31 00:00:00
400	5	B	3	260	{0F2050D4-F337-49E1-AF12-1183E9ECAF68}	2008-03-31 00:00:00
400	10	B	2	246	{7DC91844-6C3C-4542-9781-78C256E14F40}	2008-03-31 00:00:00
400	20	A	1	284	{DCCA4742-7BBB-4308-8129-C1324F1C7DA3}	2008-03-31 00:00:00
401	5	B	4	283	{01700343-1C46-4765-845F-9196DAFE6B24}	2008-03-31 00:00:00
401	10	B	3	212	{15C1E385-25C0-480D-9B5E-D295483E1027}	2008-03-31 00:00:00
401	20	A	2	302	{1B7B59FF-CAC1-4ABD-9A54-C912BA36C5B8}	2008-03-31 00:00:00
402	1	F	1	316	{4A28A4C6-B3E2-47FA-867E-0AA76682EC90}	2014-08-10 00:00:00
402	6	G	3	353	{0D8AB28E-40B9-4097-8686-97D9D4E182F7}	2014-08-10 00:00:00
402	50	T	1	321	{2F9D3973-E6E5-47DC-BC73-1E1B914141D4}	2014-08-10 00:00:00
403	1	F	2	313	{7B91307F-1F98-4514-BF52-F5CFA41128A3}	2014-08-09 00:00:00
403	6	G	4	350	{641BBE33-C957-40D1-B4EC-22A940FC9487}	2014-08-09 00:00:00
403	50	T	2	318	{446D7922-61CA-4FEC-8584-0C8339ABF855}	2014-08-09 00:00:00
404	1	F	3	310	{0F610BFA-CEC6-4E2E-99EF-61A91042F6A1}	2014-08-09 00:00:00
404	6	G	5	347	{C27D3114-C6DC-4D6F-814E-CB704B152F9D}	2014-08-09 00:00:00
404	50	T	3	315	{F511CF72-5B77-4A7B-B777-7F943EB95B1D}	2014-08-09 00:00:00
405	1	F	4	307	{6CBF468F-FC5C-4CE0-8E43-BF761624B7E2}	2014-08-10 00:00:00
405	6	G	6	344	{9030EA68-2F28-43FC-AE2C-FDD57444FC2B}	2014-08-10 00:00:00
405	50	T	4	312	{A172A0D0-E4D2-40FF-828A-394EDC93CEC0}	2014-08-10 00:00:00
406	1	F	5	304	{5AE120BF-9489-4D02-9569-0AD129FB5611}	2014-08-10 00:00:00
406	6	G	7	340	{977516D5-833C-426E-ADBA-6A4EA45E60A0}	2014-08-10 00:00:00
406	50	T	5	308	{AB0ED5C3-6A8D-4D65-8189-482345C0DD8E}	2014-08-10 00:00:00
407	1	F	6	460	{76523859-C463-4470-95E7-121C6349D07F}	2014-08-10 00:00:00
407	6	G	8	587	{83FF6EFA-EBE6-4566-ACCB-732B98C89554}	2014-08-10 00:00:00
407	50	T	6	625	{223515B8-0201-45E3-8B14-0F73F2E84DF0}	2014-08-10 00:00:00
408	1	F	7	417	{AEBCFF82-AD40-492A-AD72-E7A68BB20EF1}	2014-08-07 00:00:00
408	6	G	9	344	{6C83A526-E9FB-4ADA-84A3-C2085D12C29E}	2014-08-07 00:00:00
408	50	T	7	296	{1C4A5EE5-55B2-45F6-8F4B-A9A55B8375E2}	2014-08-07 00:00:00
409	1	F	8	414	{02272BF0-1F64-4EA9-B73D-8E2C6A1F05E2}	2014-08-07 00:00:00
409	6	G	10	340	{9FFE546F-343F-4CF1-A165-C43BBF1FC0D8}	2014-08-07 00:00:00
409	50	T	8	292	{5BDD9DF8-3286-4F69-BD79-B731C7D13111}	2014-08-07 00:00:00
410	1	F	9	411	{59311C05-9BC0-4FF4-8810-97416188CF9B}	2014-08-12 00:00:00
410	6	G	11	337	{C0B2029A-F0D6-4EFB-97FD-96428834A46B}	2014-08-12 00:00:00
410	50	T	9	289	{9CAB72DA-293C-499D-8612-5EC854F4B021}	2014-08-12 00:00:00
411	1	F	10	603	{9872C93F-C4AA-49BC-ADDE-81230134CD8D}	2014-08-12 00:00:00
411	6	G	12	552	{9CB6E6AF-C5F7-48D6-AFCD-FDDC14AEC26C}	2014-08-12 00:00:00
411	50	T	10	459	{0F2194FC-D2EA-4DBB-819F-CA2C24122A01}	2014-08-12 00:00:00
412	1	F	11	299	{10EE3C79-2238-4FF6-8DC8-974D7FA5557D}	2014-08-12 00:00:00
412	6	G	13	321	{F1F92CF8-627A-48E5-82BC-2EA3B58D991D}	2014-08-12 00:00:00
412	50	T	11	156	{C6DDFD7C-6B86-46E6-849C-63E5A84B8E06}	2014-08-12 00:00:00
413	1	F	12	641	{BC6DF6CD-AA94-45C9-AA74-110D339A4711}	2014-08-12 00:00:00
413	6	G	14	603	{0EB6D655-FBD8-4565-B7E1-D069062FE50A}	2014-08-12 00:00:00
413	50	T	12	459	{A5C4352D-1103-433C-B801-1E49C53A5E8E}	2014-08-12 00:00:00
414	1	F	13	427	{24A9D4AF-EC4D-411C-982E-49A7DB4517AB}	2014-07-30 00:00:00
414	6	G	15	321	{C9C50B9D-81F5-48C6-8C92-3AEC825DCC27}	2014-07-30 00:00:00
414	50	T	13	371	{333F9ECD-4933-4F5F-A820-4BCFBF657825}	2014-07-30 00:00:00
415	1	F	14	422	{6807ED12-C75D-4AE7-B031-13D7DE3BE0FE}	2014-07-30 00:00:00
415	6	G	16	316	{D523AFAF-1A7B-4F2C-B9E7-2C6EAD6E3035}	2014-07-30 00:00:00
415	50	T	14	366	{61712E05-6EE1-4511-8C4D-EC89265250F5}	2014-07-30 00:00:00
416	1	F	15	417	{9C9D0459-5AC6-4D54-82B4-6775D283210C}	2014-07-30 00:00:00
416	6	G	17	312	{B0B1F1E0-A2EF-4BE0-A63F-E1BF2BDA3362}	2014-07-30 00:00:00
416	50	T	15	361	{253DB65C-4833-4766-BC10-265984F6F9CB}	2014-07-30 00:00:00
417	1	F	16	572	{8BDEE515-541E-41A6-A6F7-BF40D2173AC4}	2014-08-04 00:00:00
417	6	G	18	627	{029B2A2E-2D6A-4C38-B38B-A986A4DF2452}	2014-08-04 00:00:00
417	50	T	16	516	{84D6A6A6-1B31-48E6-A5EF-8515B8212CF6}	2014-08-04 00:00:00
418	1	F	17	248	{065FB4A3-A7EF-4AC5-9510-CE89317719B1}	2014-08-04 00:00:00
418	6	G	19	283	{3A260D71-DD89-4D5E-9271-7A1CEAB13395}	2014-08-04 00:00:00
418	50	T	17	388	{3A9618D7-4F46-47A6-A224-78A4240CF165}	2014-08-04 00:00:00
419	1	F	18	246	{B81B94B3-9E2F-4675-AE20-AC358B46A455}	2014-08-04 00:00:00
419	6	G	20	281	{91663A44-EA3B-4C72-955D-DACCC2CB74AA}	2014-08-04 00:00:00
419	50	T	18	387	{86E5E622-E1FB-4308-8DDF-2C6EE02E45E7}	2014-08-04 00:00:00
420	1	F	19	244	{166B592E-B6BE-44B1-AA69-41F2D31DCA73}	2014-08-04 00:00:00
420	6	G	21	280	{EAF15BAE-FBA9-42D6-B37C-B512F5E78C7E}	2014-08-04 00:00:00
420	50	T	19	385	{A81D45EA-B957-4835-A47D-09B57A8D2FDE}	2014-08-04 00:00:00
421	1	F	20	243	{54CC5882-B786-4E61-BDF5-808011295001}	2014-08-04 00:00:00
421	6	G	22	278	{DCC01697-EE43-4F64-BC08-EDCA25EB8F16}	2014-08-04 00:00:00
421	50	T	20	384	{77E0026B-F62A-4E23-B8D9-D088F5321E9D}	2014-08-04 00:00:00
422	1	K	1	620	{B1A6EE01-FB3C-45A5-B5B1-46274213BA5B}	2014-08-07 00:00:00
422	6	G	23	515	{4F5216D1-7EE9-4A1E-AFBC-2477D7D6EF45}	2014-08-07 00:00:00
422	50	T	21	497	{309003BD-8C77-42F1-8489-B22AC60AC940}	2014-08-07 00:00:00
423	1	K	2	619	{0A3219BB-74B2-4C85-8474-F6A4A5096A40}	2014-08-07 00:00:00
423	6	G	24	513	{0B685703-951B-42A0-930A-705F7497E430}	2014-08-07 00:00:00
423	50	U	1	496	{65A0613E-FFE1-4857-9BD6-76BFCBDA05C9}	2014-08-07 00:00:00
424	1	K	3	617	{CFE9B367-934E-4ADB-A58F-06DBB4FC02E6}	2014-08-12 00:00:00
424	6	G	25	512	{70F516FF-5F50-4628-ADB3-79EC23D339BF}	2014-08-12 00:00:00
424	50	U	2	494	{3A8CB523-D799-46EB-8EAE-BA7562610615}	2014-08-12 00:00:00
425	1	K	4	616	{4F52C183-B4A9-4A5E-852D-3BAC4FE10364}	2014-08-12 00:00:00
425	6	G	26	510	{2E55D18C-5ED1-4BCE-9F4D-182C03A9114B}	2014-08-12 00:00:00
425	50	U	3	492	{165A33B3-AC7F-4717-A451-9E2C96250799}	2014-08-12 00:00:00
426	1	K	5	614	{5A0B316A-A2EE-4E00-8FF9-99A1D3181E6D}	2014-08-12 00:00:00
426	6	G	27	508	{806F5772-158D-4442-8BE6-2A9E35EB288B}	2014-08-12 00:00:00
426	50	U	4	491	{CA1FED88-1BC8-487E-AF6B-BD156612B780}	2014-08-12 00:00:00
427	1	K	6	612	{EE3A9B1E-8CE3-4AD3-8731-9B0FF331D22D}	2014-08-01 00:00:00
427	6	G	28	507	{ABFE1A52-43FB-409E-A76A-DF8642DFCC59}	2014-08-01 00:00:00
427	50	U	5	489	{90A7E004-8BDB-40AE-98A0-6B756DCF7E32}	2014-08-01 00:00:00
428	1	K	7	611	{02D98068-7A9F-4D08-B8BC-A135495A8C42}	2014-08-01 00:00:00
428	6	G	29	505	{66C31F3D-1470-4D19-BEE3-7B56B1841731}	2014-08-01 00:00:00
428	50	U	6	488	{746A5CFA-178E-4045-B870-B1A8D5AFE693}	2014-08-01 00:00:00
429	1	K	8	609	{1DA04543-2C1D-4E32-8309-F122AF94D599}	2014-08-06 00:00:00
429	6	G	30	504	{45F36D5D-9959-4601-9174-6DB78ECB24B5}	2014-08-06 00:00:00
429	50	U	7	486	{615E3AE7-3A4C-4A8F-B6C4-310D19471F1F}	2014-08-06 00:00:00
430	1	K	9	608	{FA52E937-C81E-4B9B-8AAF-9B17B1E9E221}	2014-08-06 00:00:00
430	6	G	31	502	{E4C5CF3A-DACF-41F2-AEAB-6ABA23F6FBCD}	2014-08-06 00:00:00
430	50	U	8	484	{3C97AF79-E74C-47D8-B037-F0551018EE1C}	2014-08-06 00:00:00
431	1	K	10	611	{EF83378A-74B7-427C-A920-06580C15625A}	2014-08-06 00:00:00
431	6	G	32	505	{8D949E7F-113B-4C9B-910E-07D20F8343E4}	2014-08-06 00:00:00
431	50	U	9	488	{A59C4676-9D41-4736-A5FA-2D5D59777325}	2014-08-06 00:00:00
432	1	K	11	614	{8E88E613-7A21-4F85-911A-6C4561A80E16}	2014-08-06 00:00:00
432	6	G	33	508	{12CC3875-07A1-4C8B-ABBF-8E62A6F6056F}	2014-08-06 00:00:00
432	50	U	10	491	{3263D2C9-A9F5-4CF4-B5E3-B81BDC698C26}	2014-08-06 00:00:00
433	1	L	1	617	{2C79989B-6065-44F7-A5B7-658516BB0670}	2014-08-11 00:00:00
433	6	G	34	512	{F0BEAABF-3DA2-4A6F-B6F7-80AEEAF86B72}	2014-08-11 00:00:00
433	50	U	11	494	{45BAC6B1-DE5D-4CCC-A8ED-0AF8A5222403}	2014-08-11 00:00:00
434	1	L	2	620	{730FFA60-7617-4B4A-A157-96DEC935D340}	2014-08-11 00:00:00
434	6	G	35	515	{C76EA25C-7D83-4D0E-A0C1-A4A61105673F}	2014-08-11 00:00:00
434	50	U	12	497	{2CE641A9-6BBF-459C-965E-79A5673EC082}	2014-08-11 00:00:00
435	1	L	3	624	{A111BAEE-2267-4926-8287-51889A4A3244}	2014-08-11 00:00:00
435	6	G	36	518	{79378E6B-713E-4470-A2D2-7F47816B51C8}	2014-08-11 00:00:00
435	50	U	13	500	{BBB56309-E9EC-4CC8-972B-631B4DA70AC0}	2014-08-11 00:00:00
436	1	L	4	627	{E8D235A9-57E3-4539-902A-D1587FA70D79}	2014-08-09 00:00:00
436	6	G	37	521	{37538D3D-1754-47F3-A843-435A6751CD59}	2014-08-09 00:00:00
436	50	U	14	504	{E0DA77F8-EDA7-4308-A459-97F71FA0E845}	2014-08-09 00:00:00
437	1	L	5	630	{310726D7-9203-4CF8-A664-9F8055DB5BF7}	2014-08-09 00:00:00
437	6	G	38	524	{28030A94-323C-440A-B516-DB48DB308E93}	2014-08-09 00:00:00
437	50	U	15	507	{C2BDD324-5764-4DD6-AA17-743141089E3F}	2014-08-09 00:00:00
438	1	L	6	633	{E7AA0B5B-E281-4236-8451-4F2BE7C94092}	2014-07-24 00:00:00
438	6	G	39	528	{F16E555C-0DE6-402E-A030-782267ED81C9}	2014-07-24 00:00:00
438	50	U	16	510	{A0A4A2EF-BCC4-4790-87E7-90D7764F24D1}	2014-07-24 00:00:00
439	1	L	7	636	{7BCED1B1-D4FC-4E22-888E-D683F01A6AA3}	2014-07-24 00:00:00
439	6	G	40	531	{A893BFEE-A048-49AC-A4E5-E83738DEFCA6}	2014-07-24 00:00:00
439	50	U	17	513	{B9B38C6E-76BF-4570-8869-C36BD7A3D167}	2014-07-24 00:00:00
440	1	L	8	640	{21F25C10-15D8-4A35-8622-70F1A609F94B}	2014-07-30 00:00:00
440	6	G	41	534	{2E3B8F70-5823-4002-85E8-8934AFF487E2}	2014-07-30 00:00:00
440	50	U	18	516	{C2EC33E5-3DC5-41AB-AD97-399D385D6CB3}	2014-07-30 00:00:00
441	1	L	9	635	{03CFAD0F-C227-4579-99BE-E8F31E753103}	2014-07-30 00:00:00
441	6	G	42	529	{02525804-006E-4CC2-A644-A66C826914B4}	2014-07-30 00:00:00
441	50	U	19	512	{3ACE5FEE-309D-4374-8AC4-9B1053BB2130}	2014-07-30 00:00:00
442	1	L	10	630	{9D45B955-0C3E-4A5B-8DAC-B449A70F46D5}	2014-07-30 00:00:00
442	6	G	43	524	{01B17F75-48BA-4F6E-B266-664734B7B924}	2014-07-30 00:00:00
442	50	U	20	507	{1D595C46-49FF-439A-B8D4-F86113ED5EAF}	2014-07-30 00:00:00
443	1	L	11	625	{53DD8159-9863-446E-9352-0FBABF08898D}	2014-08-04 00:00:00
443	6	G	44	520	{276F7119-7483-459E-A6C3-2DF6B8801C84}	2014-08-04 00:00:00
443	50	U	21	502	{1FFF7F27-7A93-4364-AF4B-5F761857352A}	2014-08-04 00:00:00
444	1	L	12	620	{D736E942-D015-42D8-A3AD-8595D93FD92F}	2014-08-04 00:00:00
444	6	G	45	515	{4DE6A1EB-06BE-4D01-AC35-894404D282F0}	2014-08-04 00:00:00
444	50	U	22	497	{FB6C4585-0563-4C15-B021-8039BE938A8C}	2014-08-04 00:00:00
445	1	H	3	616	{EB4F2A7B-BF1A-417E-AD5F-BC996FBF2725}	2014-08-09 00:00:00
445	6	G	46	510	{953370D9-F166-486C-9455-A1EEEF84218C}	2014-08-09 00:00:00
445	50	U	23	492	{CF3ADFA8-F900-42B7-A660-37B30C87AAE6}	2014-08-09 00:00:00
446	1	H	4	611	{D4CFB8E1-4651-4673-8DCC-362F442606C5}	2014-08-09 00:00:00
446	6	G	47	505	{F58F510E-90E2-486F-B3D4-0C017C6EB2EC}	2014-08-09 00:00:00
446	50	U	24	488	{1D51F20B-B4E3-44BF-83A4-E8BCAF6A0EEB}	2014-08-09 00:00:00
447	1	H	5	606	{ECC8A876-CB00-4079-A1F5-849199C1EDE9}	2014-08-09 00:00:00
447	6	G	48	500	{AE2D642C-AB0D-4CE1-881E-CE2CD5FFF797}	2014-08-09 00:00:00
447	50	U	25	483	{FD36B8AA-28E6-4B1E-9E87-469FC427FF4D}	2014-08-09 00:00:00
448	1	H	6	601	{2D045980-7E93-42EF-9F51-29513F4859AD}	2014-08-09 00:00:00
448	6	G	49	496	{56AD65E1-04D4-4248-89FB-6027C28844FD}	2014-08-09 00:00:00
448	50	U	26	478	{0824CA20-CA01-4320-9D08-6DCCD75040C3}	2014-08-09 00:00:00
449	1	H	7	596	{1FAB07D7-A1B8-44CB-B815-820C649B5A1A}	2014-07-27 00:00:00
449	6	G	50	491	{7F8631BB-E073-40D4-A228-44192956BC03}	2014-07-27 00:00:00
449	50	U	27	473	{CC26B5EF-F6CE-4A1C-BC88-60D6D00CA778}	2014-07-27 00:00:00
450	1	H	8	592	{BECBB6F8-9E74-47FB-88F9-FE1047C1A9CA}	2014-08-02 00:00:00
450	6	G	51	486	{60B176FC-9041-4C31-BD87-DB8CEB1431B4}	2014-08-02 00:00:00
450	50	U	28	468	{94547166-8BEB-4AB6-BBFE-21AEBA2AE77E}	2014-08-02 00:00:00
451	1	H	9	595	{8D54E1A6-2E2A-4BB9-86EF-FC1B80B2CC7B}	2014-08-02 00:00:00
451	6	G	52	489	{8207B94F-7BC7-408F-B27F-A5ABD4DC5A3A}	2014-08-02 00:00:00
451	50	U	29	472	{D4EFB693-CF65-4EA4-9EFF-B731AF88D13C}	2014-08-02 00:00:00
452	1	H	10	598	{5AC3FA47-4DA3-480E-8F8C-9C9C50ACAE47}	2014-08-02 00:00:00
452	6	G	53	492	{FFDF35C4-3BED-460B-9821-26D51A95BAF6}	2014-08-02 00:00:00
452	50	U	30	475	{A13CCA2D-03B3-474E-86FA-DB2A1C27D231}	2014-08-02 00:00:00
453	1	H	11	601	{F3FAC1D4-7609-44A0-BA12-B0A8F3025410}	2014-08-02 00:00:00
453	6	G	54	496	{CAB945F5-DD54-43AD-88FD-A25C200E8ACC}	2014-08-02 00:00:00
453	50	U	31	478	{7311DF42-8339-425E-9589-6BD31E1E971F}	2014-08-02 00:00:00
454	1	H	12	604	{A57D34F7-25B7-432A-988C-FADAD614CE89}	2014-08-02 00:00:00
454	6	G	55	499	{1BB8FF62-7587-4686-A863-BD55FE20CB5E}	2014-08-02 00:00:00
454	50	U	32	481	{4CDE0CC3-3428-460B-8111-987AB4DF6EF8}	2014-08-02 00:00:00
455	1	H	13	608	{8AEBEBE3-B29D-4376-BE79-C5095831B02E}	2014-08-07 00:00:00
455	6	G	56	502	{B4EC8722-A9CB-4F5F-B233-5530A9760A3D}	2014-08-07 00:00:00
455	50	U	33	484	{8D384B50-CBBA-4EB0-99D3-5448D8698106}	2014-08-07 00:00:00
456	1	H	14	611	{2E56D990-74A7-4129-9846-E5F806B6DE85}	2014-08-07 00:00:00
456	6	G	57	505	{4C335B51-C1D0-476E-9EEA-6BB03A3EB43C}	2014-08-07 00:00:00
456	50	U	34	488	{4DD252B2-8337-4268-9B89-CAC0D2236DAF}	2014-08-07 00:00:00
457	1	H	15	614	{1370408D-13B4-4C6C-850F-63A6163B2B3D}	2014-08-07 00:00:00
457	6	G	58	508	{9EC6EFF6-BC45-4442-94E2-632C289D0D1B}	2014-08-07 00:00:00
457	50	U	35	491	{13FAD7BF-527E-4429-921A-529474F0A179}	2014-08-07 00:00:00
458	1	H	16	617	{C6E8524F-B6B3-4EB6-B25E-2F604E79AE3D}	2014-08-07 00:00:00
458	6	G	59	512	{BBDE3406-8255-449E-899E-BDB32AD2EBA3}	2014-08-07 00:00:00
458	50	U	36	494	{CE01779C-632F-48AC-897A-7214DE4E3389}	2014-08-07 00:00:00
459	1	H	17	620	{557A3ED2-69F7-4601-868D-34F465B8C904}	2014-08-07 00:00:00
459	6	G	60	515	{ED7EDCE2-86DD-4241-965A-1AF5E4CF18FD}	2014-08-07 00:00:00
459	50	U	37	497	{6961F234-056A-4ABF-A1CC-674110152992}	2014-08-07 00:00:00
460	1	H	18	624	{46547C0B-79FB-41A6-8D11-A1591D44FF84}	2014-08-07 00:00:00
460	6	G	61	518	{C7E472D5-A7F6-4A22-95EE-09EC93DEE0B1}	2014-08-07 00:00:00
460	50	U	38	500	{B7F5A6B7-3763-4A3B-9E41-BA063B256778}	2014-08-07 00:00:00
461	1	G	19	627	{EDA01CEF-3B81-4D75-8670-40DB0E8AA961}	2014-07-18 00:00:00
461	6	H	1	521	{20E1C2CC-4FD4-4EC1-A159-929042EC47F6}	2014-07-18 00:00:00
461	50	K	1	504	{2D2984BC-582A-40C4-BB95-D9936A33D36E}	2014-07-18 00:00:00
462	1	G	2	310	{C3B6216E-6D48-4AB3-AD2F-EED611C2395B}	2014-08-11 00:00:00
462	6	H	2	204	{BA32112A-8F7E-4F19-8C15-DA0690A9CB40}	2014-08-11 00:00:00
462	50	K	2	187	{B72DCCAC-5FDE-41DD-BD6F-6F05FDD053C1}	2014-08-11 00:00:00
463	1	G	3	499	{E294536D-7F5A-4024-8466-353B39048C6C}	2014-08-06 00:00:00
463	6	H	3	566	{4AEB951E-8C65-4C28-A5AB-E53B0D8CC9D5}	2014-08-06 00:00:00
463	50	K	3	620	{7CA89D43-F69E-4CD3-A8E7-53A418BFF63C}	2014-08-06 00:00:00
464	1	G	4	500	{01ABD22D-700D-4459-BAAA-CA7503372755}	2014-08-06 00:00:00
464	6	H	4	568	{D49AA8D2-4FEC-4FC4-B343-F2C8E2D8F988}	2014-08-06 00:00:00
464	50	K	4	622	{1ECA084D-C032-47FF-9FA4-204F34EF3E72}	2014-08-06 00:00:00
465	1	G	5	502	{EE6AE42C-2C83-4CC2-9309-505213BB9208}	2014-08-11 00:00:00
465	6	H	5	569	{0679645A-45A0-4B7C-8816-EA95E8C033B8}	2014-08-11 00:00:00
465	50	K	5	624	{D886564A-8A3A-41CF-8CD7-83902095E53B}	2014-08-11 00:00:00
466	1	G	8	504	{6294ECB8-195A-40C7-8199-E2CFCF5A0C92}	2014-08-11 00:00:00
466	6	H	6	571	{7CC8444B-55DD-46F4-BFA1-797597508E7B}	2014-08-11 00:00:00
466	50	K	6	625	{0D85905E-6003-46DB-937F-9EEE681D8314}	2014-08-11 00:00:00
467	1	G	7	505	{02929F08-040B-48E8-B859-E351476B2773}	2014-08-11 00:00:00
467	6	H	7	572	{49C9C319-356B-4D73-952B-F0D59DDA9355}	2014-08-11 00:00:00
467	50	K	7	627	{EBEFD4D6-F12A-4EEB-9584-2A6289F2CB51}	2014-08-11 00:00:00
468	1	G	3	507	{FDA6B140-92B3-4E53-BAC5-8A4B2E848FDB}	2014-08-01 00:00:00
468	6	H	8	574	{E1D4B9B3-E9A0-4B0E-BA76-587336907407}	2014-08-01 00:00:00
468	50	K	8	628	{0326587F-9A2E-4BFB-8017-2B006B61A963}	2014-08-01 00:00:00
469	1	J	4	508	{CF285FF3-9881-4836-A3BF-6FF502199E7E}	2014-08-01 00:00:00
469	6	H	9	576	{D4F4AF2D-5215-45E8-8C6A-4D1C3B27EDC8}	2014-08-01 00:00:00
469	50	K	9	630	{D7BBA80A-DFBD-4929-9E30-673F94F735D4}	2014-08-01 00:00:00
470	1	J	5	510	{ACCBA237-3706-42C4-AFE8-0FB6BB8FD37C}	2014-08-01 00:00:00
470	6	H	10	577	{F3FC1C07-317B-47B5-85D5-D57DAE2AA709}	2014-08-01 00:00:00
470	50	K	10	632	{85454FD3-9F47-4F6F-B38A-89258E127154}	2014-08-01 00:00:00
471	1	J	6	512	{6203D596-5106-4997-9B9F-A40DE5D62B80}	2014-08-01 00:00:00
471	6	H	11	579	{43489450-D406-4486-B34D-2700C4DD13B4}	2014-08-01 00:00:00
471	50	K	11	633	{C659B805-FEE3-45A8-BEFE-14DC52E1C25C}	2014-08-01 00:00:00
472	1	J	7	513	{4475B9F1-8FE0-4C38-A05C-F15B0216FEA8}	2014-08-01 00:00:00
472	6	H	12	580	{2ADAC0C5-91BF-4B1D-B154-1896B42BEB4E}	2014-08-01 00:00:00
472	50	K	12	635	{453994CB-4B54-4131-8CC6-DDC48F85908A}	2014-08-01 00:00:00
473	1	J	8	515	{2A2BCCF9-EB66-4667-ADE7-3EA56BFA7240}	2014-08-01 00:00:00
473	6	H	13	582	{EEEB74F6-DC41-4B85-8258-9905DBC4E837}	2014-08-01 00:00:00
473	50	K	13	636	{D5DFE757-4EDC-4BBF-91EC-79EAE89B44AC}	2014-08-01 00:00:00
474	1	J	9	516	{479B1BC1-F815-44AE-A696-91A2A3375706}	2014-08-01 00:00:00
474	6	H	14	584	{FD82F153-B473-4CEF-8F91-8A33600EB904}	2014-08-01 00:00:00
474	50	K	14	638	{9A5778BD-EE98-4366-A40C-3B0B35388C4B}	2014-08-01 00:00:00
475	1	J	10	518	{CDB7B866-0FEC-4CD0-B93D-7EA2EDC291EC}	2014-08-01 00:00:00
475	6	H	15	585	{173B2A0E-0FCA-4D75-A25E-887AB7523C6A}	2014-08-01 00:00:00
475	50	K	15	640	{2ACB4D37-DE06-4050-A6D9-6C6BB4465417}	2014-08-01 00:00:00
476	5	D	0	324	{436F1D08-3A45-42BD-8DD1-B6FA551B0BF3}	2014-07-19 00:00:00
476	10	A	0	404	{A592F45B-9DA4-4875-A75F-CEFFE443A6CC}	2014-07-19 00:00:00
476	20	B	0	355	{3A134806-6A8E-4E17-B471-365515F2153E}	2014-07-19 00:00:00
477	2	B	0	403	{56ADDE61-B9F7-4558-900F-1EF3DCAC50F2}	2014-07-19 00:00:00
477	5	D	0	323	{3200AAB0-0DA9-4F7D-809A-F5A0ADE43569}	2014-07-19 00:00:00
477	10	A	0	353	{1E085EBC-8780-434D-AC03-8C98C230449B}	2014-07-19 00:00:00
478	2	B	0	497	{939EC4E8-7C4D-40CB-B663-0C98CF85163F}	2014-07-25 00:00:00
478	5	D	0	568	{5C1065C6-DED6-4569-892F-455FE0A920AC}	2014-07-25 00:00:00
478	10	A	0	622	{B3DC38EC-98D7-4F0E-99C9-9B45E0FB2E0A}	2014-07-25 00:00:00
479	2	C	0	441	{507B5E1E-3FCB-487D-BF9B-705556C228ED}	2014-07-25 00:00:00
479	5	E	0	390	{0BE6DFB1-9845-4106-AB26-962FD5F80872}	2014-07-25 00:00:00
479	10	C	0	198	{712165A2-789D-4848-8D60-8153AB5F27F5}	2014-07-25 00:00:00
480	2	C	0	689	{4FA134C6-6049-4A9A-8A30-F2F1E8159D63}	2014-07-25 00:00:00
480	5	E	0	515	{D327C8E5-8E39-4EA2-B81E-43423F1FD068}	2014-07-25 00:00:00
480	10	C	0	457	{E3A857DF-EED7-4760-8E91-70A7BCF28937}	2014-07-25 00:00:00
481	2	C	0	427	{1EF33B99-F9AA-445F-9355-DDB2D6201712}	2014-07-31 00:00:00
481	5	E	0	374	{5D341AE1-D5C5-4B4F-ACA1-4520E5B87BB9}	2014-07-31 00:00:00
481	10	C	0	196	{1FD00477-EB28-4C02-80E3-C4CB70CDF107}	2014-07-31 00:00:00
482	2	D	0	321	{9EAF665B-08C1-4456-AA2A-536C607BACFC}	2014-07-31 00:00:00
482	5	R	10	427	{3E33C96A-4001-4312-9E27-767676334A6B}	2014-07-31 00:00:00
482	10	L	0	176	{45A769B5-15BE-4405-9C1F-42DBEF34FD71}	2014-07-31 00:00:00
483	2	D	0	691	{53431B4E-2948-4D8F-A9D1-B2A9DCDA30D8}	2014-08-05 00:00:00
483	5	R	0	531	{E83DD8E1-26F1-41E6-98A5-C88004BE7A00}	2014-08-05 00:00:00
483	10	L	0	459	{C9400641-1B3A-4A84-BAF0-16B110A5D4B2}	2014-08-05 00:00:00
484	2	D	0	427	{0A8CD779-6C31-448A-8F48-D86430AC93F9}	2014-08-05 00:00:00
484	5	R	0	374	{89E015F9-84D7-4200-AB8B-FC6B86B9BD5D}	2014-08-05 00:00:00
484	10	L	0	196	{1CEB98A2-4EF9-493B-AD32-5C9C530D064D}	2014-08-05 00:00:00
485	2	D	0	321	{96758939-C6B3-444B-821C-519D6917D89C}	2014-08-05 00:00:00
485	5	R	0	427	{500F898B-8F62-420F-AB9B-2F20C24BA319}	2014-08-05 00:00:00
485	10	L	0	176	{7781927B-BB91-4E18-8EE2-88E7761F1D5A}	2014-08-05 00:00:00
486	2	D	0	689	{39AE00FA-4BE0-4686-BAC2-E21941266A72}	2014-08-05 00:00:00
486	5	R	0	515	{50F68020-73A0-4C92-89FD-3A6CDA2CE599}	2014-08-05 00:00:00
486	10	L	0	457	{437E0279-1E93-4E7D-8510-EF7DFCBF0146}	2014-08-05 00:00:00
487	2	D	0	331	{99793199-1E85-40DF-B211-5B3139811A07}	2014-08-10 00:00:00
487	5	R	0	337	{FDE61861-1AFC-41C3-A3FC-1C41719450EB}	2014-08-10 00:00:00
487	10	L	0	324	{C298805F-0AED-4F20-81A3-C41ABD3F0EF2}	2014-08-10 00:00:00
488	2	D	0	312	{309BD92C-69F8-4A82-A89E-7E48985BCB99}	2014-08-10 00:00:00
488	5	R	0	318	{9553FC57-B940-434A-AC64-F4654222C876}	2014-08-10 00:00:00
488	10	L	0	305	{1F7E6F83-8B80-410B-9724-0EAB0CF40D1E}	2014-08-10 00:00:00
489	1	J	1	612	{FACFE28E-6C9F-4A85-8034-2E1E74D3EC00}	2014-08-10 00:00:00
489	6	F	9	619	{5583ABF0-8FAC-4A04-83F5-4F48659B6388}	2014-08-10 00:00:00
489	50	N	1	606	{FCE97D84-91A8-4F37-A422-6D147C16F2B4}	2014-08-10 00:00:00
490	1	J	2	593	{FC3E02E8-8E40-4AEB-AC8A-00ACC2A868C8}	2014-08-12 00:00:00
490	6	F	2	600	{D567B258-A47D-4784-8CED-36D2471FB9AD}	2014-08-12 00:00:00
490	50	N	2	587	{2371ACE1-6F18-4BA6-B886-379D4538347F}	2014-08-12 00:00:00
491	1	J	3	254	{59ADC11B-CA32-44E3-A8C3-743795B10295}	2014-08-11 00:00:00
491	6	F	3	420	{EC4CF840-8C82-4EA8-8D50-7FAD3088D549}	2014-08-11 00:00:00
491	50	N	3	248	{924E73EF-B333-4594-8E99-A0ADC10A969C}	2014-08-11 00:00:00
492	3	A	3	17	{F3B4712F-44B3-4A53-B245-63C39476BD53}	2014-08-11 00:00:00
492	4	A	6	14	{87AC9F46-E5C5-4C75-9D14-43340ED0AA50}	2014-08-11 00:00:00
492	40	B	2	16	{A0CF23BF-264D-411D-89F8-EDC6FB5DEE8F}	2014-08-11 00:00:00
493	3	A	2	41	{318E5D8B-83CA-416C-80D7-C77854B0B612}	2014-08-11 00:00:00
493	4	A	8	24	{4927F190-22CC-486A-93C8-57A7FD3124BE}	2014-08-11 00:00:00
493	40	B	1	28	{0EA862E3-72B9-4528-AB80-594183C83D8A}	2014-08-11 00:00:00
494	3	A	1	49	{6DF644A4-3D8B-4536-B012-7454BC2BB72B}	2014-08-11 00:00:00
494	4	A	7	12	{FD0AD7C7-6338-47E2-B682-979CF5C68804}	2014-08-11 00:00:00
494	40	B	3	4	{23E5680F-324E-40D9-A7C4-D29C6F78E51F}	2014-08-11 00:00:00
495	3	A	5	49	{15894A4C-A7F7-417F-B293-99B75CA3D396}	2014-08-11 00:00:00
495	4	A	9	35	{104606E8-072C-4290-A461-17791E14CD1C}	2014-08-11 00:00:00
495	40	B	6	25	{025F4F97-0086-4757-8FF2-94617DEA03CF}	2014-08-11 00:00:00
496	3	A	4	30	{3AAB2EA0-BB00-4FAA-BEC7-751EE97D9F8F}	2014-08-11 00:00:00
496	4	A	10	25	{5B66CD4C-AAAB-4072-9B1C-2141463606AB}	2014-08-11 00:00:00
496	40	B	7	44	{5084D0CE-167F-4C6B-B8F9-FF5DF6BFDE15}	2014-08-11 00:00:00
497	1	E	26	336	{6C02A51D-C18D-407A-869E-A6F092E6D66F}	2014-08-09 00:00:00
497	6	M	8	364	{C9BA4C67-B045-4463-BBFF-369E0D1EA62E}	2014-08-09 00:00:00
497	50	W	6	273	{3D0E1102-8BFD-4B0E-A369-287FE8CB94E4}	2014-08-09 00:00:00
504	1	E	15	392	{0B8BEE49-6297-4619-947E-2399B68CCFF1}	2014-08-09 00:00:00
504	6	M	6	372	{2B033BBC-4817-4919-8506-AC92EE8A864E}	2014-08-09 00:00:00
504	50	W	4	320	{1CAE3640-2C47-46E2-8AC3-84CA3F0D6937}	2014-08-09 00:00:00
505	1	E	18	388	{8B147E39-57EC-47B3-A16C-618B7B294D56}	2014-08-11 00:00:00
505	6	M	11	299	{F95AF4AE-4E74-4E45-9FD7-7356B25DD660}	2014-08-11 00:00:00
505	50	W	11	283	{F47D8120-FD77-4DEE-8D08-76D462F24142}	2014-08-11 00:00:00
506	1	E	13	316	{762E549F-E8BD-44EC-9427-A70853D52129}	2014-08-09 00:00:00
506	6	M	7	390	{A1A817D2-E626-4912-843B-6C8B9F844A5E}	2014-08-09 00:00:00
506	50	W	5	121	{47363DB2-4F53-451A-A14B-E0F869B9827D}	2014-08-09 00:00:00
507	6	N	2	673	{C56D7527-EBF2-4EBE-B2F1-CBBD4B18AB42}	2014-08-10 00:00:00
507	50	J	1	542	{B9828C8C-1914-4588-A97D-D96EC6532D73}	2014-08-10 00:00:00
508	6	N	1	681	{FB6140E9-DB0D-4A60-9658-940CA81FBC56}	2014-08-10 00:00:00
508	50	J	2	550	{3D43F6B1-73AC-44F8-AB93-B7C19BFB849D}	2014-08-10 00:00:00
509	6	N	3	689	{D465F931-320C-4EA4-A3ED-A2F4E24D5837}	2014-08-11 00:00:00
509	50	J	7	558	{FD33B300-DB87-432E-8D9D-50EB8D620840}	2014-08-11 00:00:00
510	6	N	4	406	{D669A00A-6FE2-41C7-B8FB-956AFDA2061F}	2014-08-11 00:00:00
510	50	J	6	316	{EC4DEAB0-698D-4AD2-80DD-26F9623F55F9}	2014-08-11 00:00:00
511	6	N	5	390	{1D636314-2931-470A-9700-85E9E069495F}	2014-08-11 00:00:00
511	50	J	5	350	{2F10D142-992F-40D1-9CF6-6DCA1723AC48}	2014-08-11 00:00:00
512	6	N	5	334	{0077A261-A5A8-44A0-AA20-E3ADB9A66409}	2014-08-08 00:00:00
512	50	J	4	281	{5E88934C-FECB-4E02-8930-46BFCF17032C}	2014-08-08 00:00:00
513	6	N	9	640	{153F32E8-1ED4-41D0-91C1-C32760D36FF8}	2014-08-12 00:00:00
513	50	J	3	724	{80C9F5D1-2ACB-4EC2-B1A2-F5B10C17D3BE}	2014-08-12 00:00:00
514	6	D	10	267	{9A46ACE3-6E4D-4071-8437-22C0E5405301}	2008-03-31 00:00:00
514	50	G	4	318	{B916987E-6171-4C56-A964-3FDE5162B2ED}	2008-03-31 00:00:00
514	60	F	2	212	{4DE1673F-B41A-4CA3-BB14-33C1013DCCBB}	2008-03-31 00:00:00
515	6	D	2	268	{EE1ECF60-28A9-45CD-9F42-1B4C2468C926}	2008-03-31 00:00:00
515	50	G	22	320	{4A7ADFE0-5DC6-41A8-80D4-58833CEDE47B}	2008-03-31 00:00:00
515	60	F	1	214	{4FC21929-D18C-4C2D-82EF-174D16ED59CF}	2008-03-31 00:00:00
516	6	D	3	270	{7388CAC8-66B9-4DF3-9DDD-3768DC5CE2B6}	2008-03-31 00:00:00
516	50	G	23	321	{4FAE00EE-C465-4166-B787-EC749D28A1AA}	2008-03-31 00:00:00
516	60	F	3	216	{AAC2B0B1-4847-4C59-BFC2-DB70FA45E63C}	2008-03-31 00:00:00
517	6	D	16	272	{A52F59B5-417D-4D09-AAE2-7319CFBE13EB}	2008-03-31 00:00:00
517	50	G	5	323	{3F555D79-9725-4925-8E93-D9A3656AE21A}	2008-03-31 00:00:00
517	60	F	5	217	{8F7C4499-0AB6-498E-ABCC-C522B73F424F}	2008-03-31 00:00:00
518	6	D	17	273	{A5D60611-307F-409B-903E-B00C86594FCA}	2008-03-31 00:00:00
518	50	G	6	324	{F243475D-2304-4A8E-B2CB-F7AB3AF7B6B9}	2008-03-31 00:00:00
518	60	F	6	219	{0A320658-CBA0-498C-BC23-1F754C77EA54}	2008-03-31 00:00:00
519	6	D	15	275	{77944F88-C91C-4E7E-A8CD-2FEA4E557127}	2008-03-31 00:00:00
519	50	G	7	326	{2BB5BD8C-5A1B-4460-A47B-5F7583732E1B}	2008-03-31 00:00:00
519	60	F	13	220	{94C47DA3-04DB-4048-82B5-0C8ED73F3EF1}	2008-03-31 00:00:00
520	6	D	14	276	{FE246A1D-593E-4CAA-B50B-CF1C9B983E97}	2008-03-31 00:00:00
520	50	G	2	328	{8DFFFA6D-E753-4F0E-9D35-829D67AFA2D4}	2008-03-31 00:00:00
520	60	F	14	222	{AD7BB0B1-C102-4226-85E1-2F6735DB710E}	2008-03-31 00:00:00
521	6	D	11	278	{490B51F2-E8CE-45E5-A073-FC9BB9EBC8C3}	2008-03-31 00:00:00
521	50	G	1	329	{B3745B7F-AB41-4CC3-8D71-C754201FEC4F}	2008-03-31 00:00:00
521	60	F	18	224	{E48CDD7C-79A9-4DFD-85F2-A1203EA32678}	2008-03-31 00:00:00
522	6	D	1	280	{62AF5C55-3B86-4329-9454-9212CE7B84B9}	2008-03-31 00:00:00
522	50	G	3	331	{8B053459-BC75-427D-A872-8ECB02FBF572}	2008-03-31 00:00:00
522	60	F	7	225	{55298213-D7C0-4553-BB63-857DAF106053}	2008-03-31 00:00:00
523	6	K	1	164	{738855D6-4122-48C1-80D0-F65E39631641}	2014-08-11 00:00:00
523	50	Y	1	209	{62BFE8F6-83C8-4E77-8172-F4F0BEC46EC1}	2014-08-11 00:00:00
523	60	L	6	139	{428999EA-A90B-496F-9F4E-59B12A52539C}	2014-08-11 00:00:00
524	6	L	1	124	{9EA9CE85-98F3-4A8E-BF1A-C610335AA646}	2014-08-11 00:00:00
524	50	Y	2	228	{CA005FD5-9637-426A-B1F8-5F69566DD09B}	2014-08-11 00:00:00
524	60	K	1	107	{66AA90F2-E56B-4A4F-AB10-3FCC6581CB9C}	2014-08-11 00:00:00
525	6	B	2	644	{8BCB6F5A-6EF2-4B88-A036-6DADFFE0C6C3}	2014-08-10 00:00:00
525	50	F	1	619	{73B67ACE-5E90-4F51-9DC8-6879C5626C25}	2014-08-10 00:00:00
526	6	B	3	587	{17CE859E-0359-49C0-BB28-D4F835F060B1}	2014-08-10 00:00:00
526	50	F	5	624	{E3FB5BC0-912E-4BA7-A293-B0644815F78E}	2014-08-10 00:00:00
527	6	B	4	888	{FFAE06C0-6DC1-4D15-B1E9-74A68A33072D}	2014-08-11 00:00:00
527	50	F	11	702	{6D440CE3-36A6-4D79-90F9-46B9AB087DE6}	2014-08-11 00:00:00
528	6	F	5	924	{3BB6B654-0D95-408A-9FD3-E32E133CC9D1}	2014-08-11 00:00:00
528	60	E	3	729	{FB6D579D-DB41-4224-8C20-63FDE29D7E6D}	2014-08-11 00:00:00
529	6	F	6	425	{F92E94D4-7B20-48AE-B696-A1E8E290EDEB}	2008-03-31 00:00:00
529	60	E	4	371	{E9037624-1F9A-4D60-A16D-F5F0072B13EE}	2008-03-31 00:00:00
530	6	F	7	336	{F2BEC15D-6C84-4725-9F86-C509695BD98A}	2014-08-08 00:00:00
530	60	E	5	444	{E8673424-5469-4320-B3A2-F0DA3CEF7D3E}	2014-08-08 00:00:00
531	6	F	8	427	{3BA7883F-CEDC-4409-9A26-C610C732DB29}	2008-03-31 00:00:00
531	60	E	6	374	{C4AC637F-2F18-4FF0-AFD1-F817A59F950C}	2008-03-31 00:00:00
532	6	F	4	715	{B4B13895-ED08-4DD8-8EA1-9517DA10A6BD}	2008-03-31 00:00:00
532	60	E	7	542	{AF9F8C8E-107D-4D82-BA22-5BE5E2D86C06}	2008-03-31 00:00:00
533	6	F	1	443	{0CDB5E87-D659-4EF5-8C2D-A94DE24BABB5}	2008-03-31 00:00:00
533	60	E	1	388	{5AB84BEC-940F-4F44-86B6-45D9081DDD32}	2008-03-31 00:00:00
534	6	L	12	379	{6192B157-0CB7-49CB-98ED-4E2CD3ECB1AC}	2008-03-31 00:00:00
534	50	R	12	278	{1B35570E-6092-4502-8618-4CDCC8811121}	2008-03-31 00:00:00
535	6	L	14	427	{2CC3B5FE-E097-419B-B8E6-E3DBEB0E571F}	2014-08-10 00:00:00
535	50	R	14	409	{121FAF11-D40D-4235-B606-32C41B39D284}	2014-08-10 00:00:00
679	1	E	22	164	{BCDF3DAE-8EF7-4282-A01A-18B8AA1B7712}	2014-08-09 00:00:00
679	6	M	13	136	{4226E846-89E4-4D4B-B87A-761292A9F5DA}	2014-08-09 00:00:00
679	50	W	13	121	{80F5C557-3B0E-4EB3-8F3D-AE3174209C1E}	2014-08-09 00:00:00
707	7	N/A	0	288	{1B7057E7-9D56-496A-A234-42379F91A836}	2011-05-01 00:00:00
708	7	N/A	0	324	{39D263B3-915E-4BE2-A972-009B7009759C}	2011-05-01 00:00:00
709	7	N/A	0	180	{DBF7DC83-7953-4E1C-8D3A-4DC943B118CA}	2011-05-01 00:00:00
710	7	N/A	0	216	{EB067301-2A1A-4BD7-B844-A580BC586803}	2011-05-01 00:00:00
711	7	N/A	0	216	{EFFD3B6E-BEE6-4E55-A675-F299765EB0E5}	2011-05-01 00:00:00
712	7	N/A	0	288	{9B43245D-A0EB-4513-B88F-12FDAA7078F2}	2011-05-01 00:00:00
713	7	N/A	0	144	{764D0206-B3CB-485C-A760-1A3AA239EA9D}	2011-05-01 00:00:00
714	7	N/A	0	180	{B6362555-5BEF-48B9-8D11-20F7E81CAAC1}	2011-05-01 00:00:00
715	7	N/A	0	216	{721C2947-3C96-417C-94E8-80F6B7C24AA6}	2011-05-01 00:00:00
716	7	N/A	0	252	{5F55C7BC-5BC0-4DEC-9294-539708913BAE}	2011-05-01 00:00:00
747	10	N/A	0	121	{1C5D890E-4C6B-4537-ABDA-A0D80F75872B}	2011-05-01 00:00:00
747	20	N/A	0	161	{18B5AF98-2293-4776-9D4E-122C009EF28C}	2011-05-01 00:00:00
747	30	N/A	0	148	{8E762604-0816-48AD-B289-94C843D9301A}	2011-05-01 00:00:00
747	40	N/A	0	107	{972B7C2B-D0E8-4C3D-88F6-416D8E450F36}	2011-05-01 00:00:00
747	50	N/A	0	160	{B8999891-844F-4147-9348-423D36400A09}	2011-05-01 00:00:00
747	60	N/A	0	137	{6D6ED50B-7E4B-40CD-B617-D93318F3DBF6}	2011-05-01 00:00:00
748	10	N/A	0	105	{693C794D-E82F-4D18-A1BB-457E4382F0EB}	2011-05-01 00:00:00
748	20	N/A	0	145	{2104148D-C96D-4CD4-9A75-940A70E1A124}	2011-05-01 00:00:00
748	30	N/A	0	132	{523153B7-92CC-45D0-9A6F-046995CB498E}	2011-05-01 00:00:00
748	45	N/A	0	91	{459634AE-40D9-498A-9D2B-5AAB2664EC4D}	2011-05-01 00:00:00
748	50	N/A	0	144	{970834E0-D46F-4BDA-BCE5-FDCE013D7FD5}	2011-05-01 00:00:00
748	60	N/A	0	121	{5577F565-07E8-4885-AAF4-43DE53D51618}	2011-05-01 00:00:00
749	7	N/A	0	73	{54558772-09E3-4F0F-A8BD-92C0CA8243C7}	2011-05-01 00:00:00
749	60	N/A	0	60	{E7498117-E2CC-4AA5-B6D9-A1D0C9E4EABF}	2011-05-01 00:00:00
750	7	N/A	0	102	{36003282-934F-42B8-A728-8C77ADD3DC78}	2011-05-01 00:00:00
750	60	N/A	0	121	{F4F41897-DB28-447C-B621-3FDB56671CC5}	2011-05-01 00:00:00
751	7	N/A	0	32	{CB2DE498-349A-4D8D-AE4C-0F03041575C6}	2011-05-01 00:00:00
751	60	N/A	0	108	{FA8CC2AC-B715-43E4-9AB1-CCBE7039F0C2}	2011-05-01 00:00:00
752	7	N/A	0	52	{CE5255CC-AC11-4CEE-9C7F-F188116C5353}	2011-05-01 00:00:00
752	60	N/A	0	76	{5C7E9AE4-97E8-4DD8-A1A9-7018AD17CC5A}	2011-05-01 00:00:00
753	7	N/A	0	112	{E3D6AB33-314E-4FBC-9743-B7AF3C097D8A}	2011-05-01 00:00:00
753	60	N/A	0	51	{1FF999D3-0285-4084-8910-F1985E468675}	2011-05-01 00:00:00
754	7	N/A	0	65	{C6C248A6-ECD2-4DCD-8E79-2FCD345F4C39}	2011-05-01 00:00:00
754	60	N/A	0	83	{CD60CBBF-D180-44D7-A3F5-D4B75EAC6EB3}	2011-05-01 00:00:00
755	7	N/A	0	75	{2A8EAFCD-850F-4EB1-B205-A3C1A41DDC26}	2011-05-01 00:00:00
755	60	N/A	0	62	{F22C63C8-42B5-4F30-B1E8-0C4A74643991}	2011-05-01 00:00:00
756	7	N/A	0	30	{3409B5EE-9B07-4300-B05D-82C53862CE93}	2011-05-01 00:00:00
756	60	N/A	0	99	{FED4174F-1F1A-432A-B89C-80DAFC774AE5}	2011-05-01 00:00:00
757	7	N/A	0	56	{8EE50E04-3E61-4D36-B4AD-2B629C22F12D}	2011-05-01 00:00:00
757	60	N/A	0	78	{B91BFBC6-8AC0-4A0C-8FD5-162C99C134FB}	2011-05-01 00:00:00
758	7	N/A	0	116	{AEC6250B-FC25-4731-BB11-FF9EB03BB295}	2011-05-01 00:00:00
758	60	N/A	0	49	{52479AC5-F2B0-472E-B183-1A3F0CA39A06}	2011-05-01 00:00:00
759	7	N/A	0	112	{82B4CF97-B982-4179-906D-AEB3D06AC137}	2011-05-01 00:00:00
759	60	N/A	0	51	{708EE4D0-7BA1-40CD-9762-093D579A8556}	2011-05-01 00:00:00
760	7	N/A	0	99	{0DB7AEFC-297E-450C-9846-07C8C30ADA31}	2011-05-01 00:00:00
760	60	N/A	0	86	{CA4FF838-8A35-4B8C-A48D-D6B9B5A53FF0}	2011-05-01 00:00:00
761	7	N/A	0	67	{873DF6E9-8454-41BE-867A-904550B5D761}	2011-05-01 00:00:00
761	60	N/A	0	81	{81AADCCE-A85A-42FE-8A6B-58F21FA39D09}	2011-05-01 00:00:00
762	7	N/A	0	75	{3EEA520D-614E-420E-9370-073DA5AD2528}	2011-05-01 00:00:00
762	60	N/A	0	62	{8CE0F44A-7362-4C9A-A529-799892FEB5BF}	2011-05-01 00:00:00
763	7	N/A	0	102	{A02C8843-0EC2-43DD-ADFF-D8EA509916E8}	2011-05-01 00:00:00
763	60	N/A	0	121	{0BE8AB7E-AC8D-479E-B4A0-DF8842A2011A}	2011-05-01 00:00:00
764	7	N/A	0	32	{668AF318-9167-4ED5-9944-A95EB4A2C795}	2011-05-01 00:00:00
764	60	N/A	0	108	{8AB29D85-F45F-4913-AC9D-2A6251EF253D}	2011-05-01 00:00:00
765	7	N/A	0	56	{C248AD84-9405-4E64-A581-801F9C12D6FF}	2011-05-01 00:00:00
765	60	N/A	0	78	{B7161C02-CE9C-4254-9C28-3E4305DD7D43}	2011-05-01 00:00:00
766	7	N/A	0	116	{779E2130-5240-461F-96D1-77E3B1C844A2}	2011-05-01 00:00:00
766	60	N/A	0	49	{E2A8793F-4F05-4867-9F3D-9843F04C9872}	2011-05-01 00:00:00
767	7	N/A	0	100	{BC108F38-EC76-46F4-86A6-8C66E1834B78}	2011-05-01 00:00:00
767	60	N/A	0	88	{C1B8FC46-4BDE-4E55-BB83-53929DC8F323}	2011-05-01 00:00:00
768	7	N/A	0	67	{53535F3E-FFB2-461A-A422-5FA327516DFF}	2011-05-01 00:00:00
768	60	N/A	0	81	{08E56A6C-0D54-4D5C-BDDF-2605ECDB6901}	2011-05-01 00:00:00
769	7	N/A	0	73	{3BC1861E-E170-475B-BABB-25CF640CC5B6}	2011-05-01 00:00:00
769	60	N/A	0	60	{5FA547BE-3D45-4A8A-85A5-B1EE8084A670}	2011-05-01 00:00:00
770	7	N/A	0	104	{933B7E02-2E78-4C26-91B4-F40C65DAE6AD}	2011-05-01 00:00:00
770	60	N/A	0	123	{E259C06F-A31C-4E05-8835-FFFAA0C4FF50}	2011-05-01 00:00:00
771	7	N/A	0	49	{629DC77C-9656-4C22-8C90-8A601305EB94}	2011-05-01 00:00:00
771	60	N/A	0	100	{D0012C1B-5E78-4FAA-A7F2-AC21B11528C8}	2011-05-01 00:00:00
772	7	N/A	0	88	{3A92AD34-7EE5-4427-9E0E-6CD4D56D3D5F}	2011-05-01 00:00:00
772	60	N/A	0	65	{D5182806-8B50-4097-9741-BF000764B5E9}	2011-05-01 00:00:00
773	7	N/A	0	83	{09D6B98F-9914-461F-9B05-46AC3A78B747}	2011-05-01 00:00:00
773	60	N/A	0	75	{5CA5A38F-CB12-4615-BDDF-E60109853188}	2011-05-01 00:00:00
774	7	N/A	0	62	{BF9DE689-1302-4F0A-9BF9-9F535F99ECB5}	2011-05-01 00:00:00
774	60	N/A	0	102	{2C38ACC2-CDE7-4C90-BF15-95CA7426A963}	2011-05-01 00:00:00
775	7	N/A	0	99	{F17089A0-E7ED-488F-A3EE-179AA958B1EB}	2011-05-01 00:00:00
775	60	N/A	0	56	{4AE132B6-D196-4F81-901A-D533014E057B}	2011-05-01 00:00:00
776	7	N/A	0	78	{9C0EEAE2-F2A1-44A3-96B7-97F96021DBF9}	2011-05-01 00:00:00
776	60	N/A	0	116	{84B419AD-11DF-4FE5-BD81-5DED306A4EEE}	2011-05-01 00:00:00
777	7	N/A	0	49	{DBA602BE-5412-42FF-916F-C372269C3A2C}	2011-05-01 00:00:00
777	60	N/A	0	100	{40775054-5D91-442C-85B2-8730AC71EC6A}	2011-05-01 00:00:00
778	7	N/A	0	88	{1FCFC1A8-1119-4CAE-87B0-A9E9FF2F8389}	2011-05-01 00:00:00
778	60	N/A	0	65	{ACB69E4B-C8E6-4EAE-8D50-AA957896CD11}	2011-05-01 00:00:00
779	7	N/A	0	75	{73034E05-A2A8-4796-A242-A5B9AF26FA41}	2012-04-30 00:00:00
779	60	N/A	0	62	{8E60BC44-245E-4520-9C54-94D2302CE45D}	2012-04-30 00:00:00
780	7	N/A	0	102	{D6E39B99-B034-4A75-B5AB-2839DD908065}	2012-04-30 00:00:00
780	60	N/A	0	121	{0A9CC443-06B5-4B97-A5A7-704E9AD95D1D}	2012-04-30 00:00:00
781	7	N/A	0	32	{23C0760F-96DC-493F-B016-1D60B8C0214A}	2012-04-30 00:00:00
781	60	N/A	0	108	{B288C485-CBB3-450F-9395-562F28CF9EDC}	2012-04-30 00:00:00
782	7	N/A	0	100	{F4DEC682-9BFC-47C3-BA79-EED46067F317}	2012-04-30 00:00:00
782	60	N/A	0	88	{FAF6A2EF-E1D5-4387-840C-9CF94C4C15EE}	2012-04-30 00:00:00
783	7	N/A	0	65	{A1AC022B-98CD-402B-BBED-62E430D7A712}	2012-04-30 00:00:00
783	60	N/A	0	83	{CFD6E018-7A86-4514-BD6A-7DF5A579B74E}	2012-04-30 00:00:00
784	7	N/A	0	75	{AA64D2CB-1DBA-454E-BE6E-9126315A2C16}	2012-04-30 00:00:00
784	60	N/A	0	62	{9EFBB119-DA0D-4349-AFEA-663FCA0EF4EE}	2012-04-30 00:00:00
785	7	N/A	0	75	{4BDC23EA-E827-4172-BCF7-50C24F7CC7A4}	2012-04-30 00:00:00
785	60	N/A	0	62	{EF665F70-AE6C-4E5A-AF30-B61B249A47AE}	2012-04-30 00:00:00
786	7	N/A	0	102	{68E050E5-0408-41CB-86B8-E2EA4D0AE9DC}	2012-04-30 00:00:00
786	60	N/A	0	121	{9C29B402-9AF3-4384-A695-0B94B76EF73A}	2012-04-30 00:00:00
787	7	N/A	0	32	{FD3F495E-D3AA-455A-89C1-55F27ADF3174}	2012-04-30 00:00:00
787	60	N/A	0	108	{DA83CA89-BABC-4D0F-829E-9EBC42ED052F}	2012-04-30 00:00:00
788	7	N/A	0	52	{A577B5E6-9F1B-4CB8-BB23-008262F5E599}	2012-04-30 00:00:00
788	60	N/A	0	76	{18EEF8F9-BEFC-449F-862D-2893BEAA0CD4}	2012-04-30 00:00:00
789	7	N/A	0	112	{F6FD070E-7724-43D9-81AA-657631570721}	2012-04-30 00:00:00
789	60	N/A	0	51	{C934B5BF-229A-4BEF-9A0A-8B60C320DEEE}	2012-04-30 00:00:00
790	7	N/A	0	99	{2361264C-F8B9-4F5A-B062-2D28096C0E59}	2012-04-30 00:00:00
790	60	N/A	0	86	{43CE4F80-3BFF-423D-9A6D-B5E7C6959DFD}	2012-04-30 00:00:00
791	7	N/A	0	67	{A0B76244-7B54-4F7E-8E6B-735EA537800D}	2012-04-30 00:00:00
791	60	N/A	0	81	{CC201C04-6240-4469-8711-C52A87CB90BF}	2012-04-30 00:00:00
792	7	N/A	0	104	{CA96CF18-792B-4788-BFD5-C77CBED2F6C1}	2012-04-30 00:00:00
792	60	N/A	0	123	{532D5A39-04D0-457B-BFA3-EF16457DEAD9}	2012-04-30 00:00:00
793	7	N/A	0	56	{044A0AD7-7EA6-4502-9E21-AA7EFB5F60CD}	2012-04-30 00:00:00
793	60	N/A	0	78	{DC5CB5EC-14F7-4EC0-8AE8-AD883BDD2AC0}	2012-04-30 00:00:00
794	7	N/A	0	116	{9C6C3C66-1B23-4EE5-9BE0-1F948001639E}	2012-04-30 00:00:00
794	60	N/A	0	49	{F5FC0861-CFFE-431C-869F-FF2EDEED0442}	2012-04-30 00:00:00
795	7	N/A	0	100	{2B0526ED-45E2-4995-AE46-BB20304C51F5}	2012-04-30 00:00:00
795	60	N/A	0	88	{018DA23F-292E-40D6-B061-DC72D2CD02B3}	2012-04-30 00:00:00
796	7	N/A	0	65	{C324A634-15A5-4CEB-A5D5-BD2953D15C2E}	2012-04-30 00:00:00
796	60	N/A	0	83	{4F4F7556-65AE-4B76-82FC-A5159DAC1D87}	2012-04-30 00:00:00
797	7	N/A	0	67	{F9C9BD88-D505-480E-9D44-FFF4EACF9FA4}	2012-04-30 00:00:00
797	60	N/A	0	81	{3FFE7C97-DD8B-4B38-9AFA-5989EB7DBAA7}	2012-04-30 00:00:00
798	7	N/A	0	73	{5A7A63CB-B1E5-443F-B494-447972BA5033}	2012-04-30 00:00:00
798	60	N/A	0	60	{1637CFB2-CF10-4D1A-B2CF-48F532883B93}	2012-04-30 00:00:00
799	7	N/A	0	104	{D4A0556B-A14A-44D0-A4A2-E03C3617A8C9}	2012-04-30 00:00:00
799	60	N/A	0	123	{95824768-5D5B-4426-B4F8-F1B2C5403DA1}	2012-04-30 00:00:00
800	7	N/A	0	30	{EAC1040C-3CA5-43D1-AA10-052A3A0D836A}	2012-04-30 00:00:00
800	60	N/A	0	99	{71B37A3F-E348-4FA0-86F6-80EDD53A0473}	2012-04-30 00:00:00
801	7	N/A	0	56	{7AD3BDD5-E96F-40E6-964D-6612B321877C}	2012-04-30 00:00:00
801	60	N/A	0	78	{A2A3C882-9AA3-4B1B-8AC9-B2EBCD8031A4}	2012-04-30 00:00:00
802	5	J	7	350	{BEBD11FC-746C-4B4B-A704-F39B93EAD5D1}	2012-04-30 00:00:00
802	10	C	8	240	{8BF6D9A4-4D7B-45FD-A242-D46585DF745C}	2012-04-30 00:00:00
802	50	A	17	273	{12534B74-9386-44DB-853C-B19A95946528}	2012-04-30 00:00:00
803	5	J	8	356	{B6D8D615-52B7-47A2-B924-B662D82D976E}	2012-04-30 00:00:00
803	10	C	9	246	{0840BFC7-6EFB-48C4-B830-777220990BA8}	2012-04-30 00:00:00
803	50	A	18	280	{C30B36AD-95B5-4CCF-8B59-937216D382D9}	2012-04-30 00:00:00
804	5	J	9	363	{27839638-D1FA-424F-BF44-D42D999261D7}	2012-04-30 00:00:00
804	10	C	10	252	{E109A831-1014-46CD-9E8C-E0745A52AF2A}	2012-04-30 00:00:00
804	50	A	19	286	{20992266-54CA-4CF8-B215-47D0D4B45788}	2012-04-30 00:00:00
805	1	D	13	284	{FFF200BB-1705-4839-AA84-0ABAA34E4700}	2012-04-30 00:00:00
805	6	R	40	265	{CE55F3F0-E588-44AC-A266-42B2EAF81392}	2012-04-30 00:00:00
805	50	E	40	212	{0B26D1CC-6655-4876-AE52-70102F8F3F9D}	2012-04-30 00:00:00
806	1	D	14	288	{7B1C2AA3-9E16-454D-8C71-FADF9088378C}	2012-04-30 00:00:00
806	6	R	41	268	{AAB77A86-054B-4007-8C1D-B567A73F4844}	2012-04-30 00:00:00
806	50	E	41	216	{187A6429-2238-431C-9C9B-4A5CF38150CB}	2012-04-30 00:00:00
807	1	D	15	291	{C2D4BBC2-8488-429C-8C4F-96184F756D48}	2012-04-30 00:00:00
807	6	R	42	272	{5074CE54-A19E-47F3-B082-C08B215A626A}	2012-04-30 00:00:00
807	50	E	42	219	{CD57D7F7-ECA1-4405-8579-2FCDE2E104CB}	2012-04-30 00:00:00
808	10	E	4	267	{8E51D869-550A-4912-89DC-A9DD436885F4}	2012-04-30 00:00:00
808	20	S	1	276	{2892A90F-0FB6-4747-A1CC-94A872BD06DD}	2012-04-30 00:00:00
808	50	F	2	316	{0F9636FC-B190-4461-842E-B91377C26F6A}	2012-04-30 00:00:00
809	10	E	5	264	{79C7DB57-ABDF-40B7-81DB-A2245FC853EA}	2012-04-30 00:00:00
809	20	S	2	273	{5148C79E-1339-43D0-940D-157DD706F133}	2012-04-30 00:00:00
809	50	F	3	313	{1C2AD20E-6E03-4BCF-998A-44D35BD82146}	2012-04-30 00:00:00
810	10	E	6	260	{0D9F8DC5-927E-42FA-A4C9-DF74194FBC5F}	2012-04-30 00:00:00
810	20	S	3	270	{D6249474-D050-4087-9337-9C84E5F4F345}	2012-04-30 00:00:00
810	50	F	4	310	{3AC58B40-9D61-42C0-994E-0601E9971059}	2012-04-30 00:00:00
811	10	E	7	257	{925B5F59-C5F3-4A1B-87EF-7C085D41EA07}	2012-04-30 00:00:00
811	20	S	4	267	{B677190C-1133-4008-A1AB-105684F2CE81}	2012-04-30 00:00:00
811	50	F	6	307	{05FDA53F-F09C-4838-9E6E-C192347DFB5E}	2012-04-30 00:00:00
812	10	E	8	254	{6C8FE7B2-3265-4FF7-B7C5-A5C26F32DA68}	2012-04-30 00:00:00
812	20	S	5	264	{437307D1-6A1D-4AA5-A244-7D534BA0E9A7}	2012-04-30 00:00:00
812	50	F	7	304	{7CFC9BEB-F10D-4C89-A6D6-642B25E21CE6}	2012-04-30 00:00:00
813	10	E	9	251	{1FE8D8B6-4205-48F6-9583-DE8C76066297}	2012-04-30 00:00:00
813	20	S	6	260	{DAD4BF7F-0646-48E9-80A1-88BEE19A14AC}	2012-04-30 00:00:00
813	50	F	8	300	{49C20091-5DEB-4C75-BBDB-1EC7F7B97DAB}	2012-04-30 00:00:00
814	10	N/A	0	110	{7F012DA0-9FFF-462B-90CE-3DED72B2C81F}	2012-04-30 00:00:00
814	20	N/A	0	150	{6E66291C-30FE-4B35-9F2B-B58F308D93F3}	2012-04-30 00:00:00
814	30	N/A	0	137	{8451BE00-88C6-4BC1-925E-DA45208A2008}	2012-04-30 00:00:00
814	40	N/A	0	96	{9538C094-DEDF-4A64-838E-72417E6813B8}	2012-04-30 00:00:00
814	50	N/A	0	148	{1E851DBC-0EC5-439C-A12C-C84A3B2268D9}	2012-04-30 00:00:00
814	60	N/A	0	126	{750F6C85-88DE-425D-A60D-57C06777E71A}	2012-04-30 00:00:00
815	5	T	1	265	{BF66A7C6-9BAC-4A91-B4A0-93F72D59E20D}	2012-04-30 00:00:00
815	50	B	1	457	{CF175595-FB5A-4308-9489-930223773810}	2012-04-30 00:00:00
816	5	T	2	406	{FADD51F0-C329-43D8-AB23-214091724421}	2012-04-30 00:00:00
816	50	B	2	412	{4A5BD660-248D-473B-B2D7-EAC2DCAAF6A7}	2012-04-30 00:00:00
817	5	T	3	443	{343F1D69-0606-4569-8228-13DEFBD7C118}	2012-04-30 00:00:00
817	50	B	3	388	{78904199-7C58-4BDF-B2C1-ED0DE2034483}	2012-04-30 00:00:00
818	5	T	4	428	{B9F6524A-30FE-455F-ACE3-D9BAB321099C}	2012-04-30 00:00:00
818	50	B	4	460	{7F27AB63-BE21-48A2-B925-6EFA9A0F1A2E}	2012-04-30 00:00:00
819	5	T	5	409	{3E8DEDDB-045B-4A52-BDAA-3B5176323EA9}	2012-04-30 00:00:00
819	50	B	5	384	{4FBD565A-F25E-42A5-95B7-1D7D01E2C507}	2012-04-30 00:00:00
820	5	T	6	446	{5BACEBC0-E5B3-454B-82B7-53D4BF89DF88}	2012-04-30 00:00:00
820	50	B	6	232	{E815F562-BF7B-4A0A-B743-413AFF059AEE}	2012-04-30 00:00:00
821	5	T	7	432	{FDCD7382-4C5A-4DDB-86CB-6A693661DC02}	2012-04-30 00:00:00
821	50	B	7	304	{20EE2603-838D-4781-AD93-83753A432B5F}	2012-04-30 00:00:00
822	10	N/A	0	115	{BFB96644-7A7A-44DD-92F5-1937A635FF82}	2012-04-30 00:00:00
822	20	N/A	0	155	{E88D26BF-22EF-4A72-ACC0-A8020EDE7165}	2012-04-30 00:00:00
822	30	N/A	0	142	{F439DA99-9E74-43F7-B29B-925983A8F25F}	2012-04-30 00:00:00
822	40	N/A	0	100	{0834EA74-BD46-4D2E-A44C-AAFF90B58B3C}	2012-04-30 00:00:00
822	50	N/A	0	153	{DE67BDAC-048A-4250-8A44-EF5EC2C8E5B9}	2012-04-30 00:00:00
822	60	N/A	0	131	{46B5352F-F67E-4DFE-A862-3A476929525D}	2012-04-30 00:00:00
823	6	A	10	425	{B1740211-CA5E-4A3A-BA64-AE00B6795435}	2012-04-30 00:00:00
823	50	V	1	256	{9E04D5EF-C22B-4010-9F86-3E8D5BA31FE8}	2012-04-30 00:00:00
824	6	A	10	411	{F3F884AD-80B4-432B-B1EA-2C914E20E148}	2012-04-30 00:00:00
824	50	V	2	401	{E63A0296-6936-44A8-84BA-8AEDD7C5714F}	2012-04-30 00:00:00
825	6	A	11	396	{8F97B19E-AB98-4869-AE88-88E13F7FB28F}	2012-04-30 00:00:00
825	50	V	3	387	{BF43453A-FAD1-4FA8-A3DA-7A9D46736E01}	2012-04-30 00:00:00
826	6	A	11	393	{945250D5-B83C-4977-9249-C537C9EEBDF8}	2012-04-30 00:00:00
826	50	V	4	406	{F36CBF4C-C7E5-4659-BD54-DF0EB1179220}	2012-04-30 00:00:00
827	6	A	12	412	{9C55E8C1-9531-4D69-98A6-4D5A6CC15B36}	2012-04-30 00:00:00
827	50	V	5	425	{1B9EBBD6-A215-4529-AF58-E9A1ECDD2B56}	2012-04-30 00:00:00
828	6	A	12	432	{8D7EDDF7-70BB-4C8E-936D-39645C50BFA0}	2012-04-30 00:00:00
828	50	V	6	284	{C1385A54-7E61-43F8-9B87-3170D0ABEBA0}	2012-04-30 00:00:00
829	6	A	12	265	{EB4D4B77-BE2F-41F0-BAE1-CFDB4D8DB033}	2012-04-30 00:00:00
829	50	V	7	476	{331A0A6A-91A6-446B-837E-1368A978B1EE}	2012-04-30 00:00:00
841	7	N/A	0	288	{3BA20E3E-9810-4F68-BAD2-44AB974AE2A1}	2012-04-30 00:00:00
842	7	N/A	0	72	{18545177-6236-4C20-9BF0-7DD2D0648216}	2012-04-30 00:00:00
843	7	N/A	0	252	{796D6D14-52E0-44A0-82E2-EEBBA7DB3DA3}	2012-04-30 00:00:00
844	7	N/A	0	288	{C44196D5-4609-42E9-BD4F-C7CF8361533A}	2012-04-30 00:00:00
845	7	N/A	0	324	{C0D46F2E-C084-4F0E-9EA5-225B0ED160D9}	2012-04-30 00:00:00
846	7	N/A	0	144	{A2C4F76C-327C-479D-99F9-D40A132EBB94}	2012-04-30 00:00:00
847	7	N/A	0	180	{7A0BCD5A-280B-4050-91BB-5B9CF36A1D49}	2012-04-30 00:00:00
848	7	N/A	0	216	{FBE6FA36-8953-4814-872E-C88A1C61F201}	2012-04-30 00:00:00
849	7	N/A	0	108	{05FE1CFD-9C01-4A2A-A1A6-1D76DD6BFB2F}	2012-04-30 00:00:00
850	7	N/A	0	144	{34B5C646-FF21-43F5-ACBA-3E5729E792BD}	2012-04-30 00:00:00
851	7	N/A	0	180	{5B80EC8E-6445-46FE-9779-EDA9AB530AAB}	2012-04-30 00:00:00
852	7	N/A	0	324	{0557ED14-E1C6-4408-B52E-9D19E7827516}	2012-04-30 00:00:00
853	7	N/A	0	0	{2961BA75-2083-481C-8A35-6AC8B139DCCE}	2012-04-30 00:00:00
854	7	N/A	0	36	{2E972E00-9C38-4160-9D0F-0514A075D506}	2012-04-30 00:00:00
855	7	N/A	0	72	{DBFCB963-F64A-4CD5-8ACB-C1BF19D0F8B0}	2012-04-30 00:00:00
856	7	N/A	0	108	{C4FB1C57-C4E6-4730-AC5B-55934BDA833F}	2012-04-30 00:00:00
857	7	N/A	0	144	{AD62AB75-EFC4-4766-9B65-D4308E234A1A}	2012-04-30 00:00:00
858	7	N/A	0	324	{37BB613D-EABC-4B4B-B3D6-3F1C433947AF}	2012-04-30 00:00:00
859	7	N/A	0	0	{911FA74B-0353-4BB9-AA58-82A86E626B17}	2012-04-30 00:00:00
860	7	N/A	0	36	{8DB84170-087B-4BFC-963B-375AB5FDB647}	2012-04-30 00:00:00
861	7	N/A	0	72	{D6CD1C79-2106-472B-8741-481E0FE7EC44}	2012-04-30 00:00:00
862	7	N/A	0	108	{43CFFBE6-86A1-40BD-90F8-58CAE90E0596}	2012-04-30 00:00:00
863	7	N/A	0	144	{880E2B88-61C0-46BD-B489-E1D9FEF3F114}	2012-04-30 00:00:00
864	7	N/A	0	180	{93EBCE66-E74B-4134-BCA6-33B4B1EAEAC8}	2013-04-30 00:00:00
865	7	N/A	0	216	{8FF570BB-B9EE-4FE8-9ECE-20D33EE99F43}	2013-04-30 00:00:00
866	7	N/A	0	252	{838E81A3-3B2A-4CCA-9FCB-5F0EC5186957}	2013-04-30 00:00:00
867	7	N/A	0	216	{760E44D7-1E76-454F-8F5C-B7B77E33C775}	2013-04-30 00:00:00
868	7	N/A	0	252	{674A3B97-695C-4655-89F0-5FB6AAF1A9F6}	2013-04-30 00:00:00
869	7	N/A	0	288	{E1A00FC9-E050-4A90-B8D2-E22E37451933}	2013-04-30 00:00:00
870	7	N/A	0	252	{1A650732-24B2-4ABC-BA37-C866A764045B}	2013-04-30 00:00:00
871	7	N/A	0	288	{6F509D6F-09BD-45E0-9EA3-D0A0800B2A08}	2013-04-30 00:00:00
872	7	N/A	0	324	{89CF1979-A25D-43B2-B140-6228A79426DC}	2013-04-30 00:00:00
873	7	N/A	0	180	{CC99281D-BEF4-425F-8532-7F0FE652D8D5}	2013-04-30 00:00:00
874	7	N/A	0	252	{78103D2B-69E5-49BB-BD15-212B92BAD89D}	2013-04-30 00:00:00
875	7	N/A	0	288	{E3F8D6CC-2DDC-4F51-A026-B5A5C7EF7B1D}	2013-04-30 00:00:00
876	7	N/A	0	0	{5C965EC8-6FAB-42BF-AF30-02CAD1F2A56E}	2013-04-30 00:00:00
877	7	N/A	0	36	{1FE439EE-D5FE-4B52-852B-2E981FE0316E}	2013-04-30 00:00:00
878	7	N/A	0	108	{1E526C88-7BD5-405F-83D1-9754D789863B}	2013-04-30 00:00:00
879	7	N/A	0	144	{9A96913A-FD02-47DF-A55D-EF3590F3ADF0}	2013-04-30 00:00:00
880	7	N/A	0	108	{324686AC-6E54-4A24-A7AD-31E2754069F8}	2013-04-30 00:00:00
881	7	N/A	0	324	{D835D63D-ABE1-4B8D-81E7-DC6D1775AF43}	2013-04-30 00:00:00
882	7	N/A	0	0	{71ADDBA2-E713-4CEF-B861-B9C0A71CCE1D}	2013-04-30 00:00:00
883	7	N/A	0	36	{B57157B7-FF2E-439E-80F5-92467EEB5AD6}	2013-04-30 00:00:00
884	7	N/A	0	72	{5D52FD35-AA84-4834-9DB6-DE793A5D82B3}	2013-04-30 00:00:00
894	1	E	23	337	{0740F824-9F6E-4451-B8F9-42C1172A4708}	2013-04-30 00:00:00
894	6	M	14	355	{223683C8-3267-454F-840E-BCC57F7A13AC}	2013-04-30 00:00:00
894	50	W	14	155	{9F4FF0A0-AD0D-4027-A590-C350595A52D2}	2013-04-30 00:00:00
907	1	E	19	337	{B58B5A11-8C36-4318-BEEC-413930B94176}	2014-08-12 00:00:00
907	6	M	12	228	{E3F87834-460D-4C26-B539-F5DC6DE6AECF}	2014-08-12 00:00:00
907	50	W	12	158	{CFCEE763-FCD8-4EE5-B435-CF9FECC5C4B3}	2014-08-12 00:00:00
908	6	D	4	400	{FF971875-EA46-48F1-9608-1C1826E1D04C}	2014-08-10 00:00:00
908	50	G	8	214	{6EE93012-4DC3-44E3-9792-6B696B250419}	2014-08-10 00:00:00
908	60	F	11	195	{5F120C84-6E91-47B2-913F-49A3C47E6F1F}	2014-08-10 00:00:00
909	6	D	5	230	{EBCD0818-44E6-4FCE-9C54-AB5719529995}	2014-08-10 00:00:00
909	50	G	9	72	{9D3B051F-B982-4AB5-B6AC-36885CCDF734}	2014-08-10 00:00:00
909	60	F	12	120	{4942E44A-1D06-438C-B502-A9134853B3D2}	2014-08-10 00:00:00
910	6	D	7	91	{1B55F0EB-4EAE-4240-817B-CEEDEA5D1736}	2014-08-11 00:00:00
910	50	G	19	168	{4700001F-0AC5-44A4-ADAC-1F9AF4968128}	2014-08-11 00:00:00
910	60	F	8	96	{E2382B4D-9112-4678-89C3-CBF12027B209}	2014-08-11 00:00:00
911	6	D	8	283	{C724266C-9142-4716-A15D-D090F3FD1FD6}	2014-08-11 00:00:00
911	50	G	20	321	{7B07BE23-CC70-4288-95AF-EB07AD438DD6}	2014-08-11 00:00:00
911	60	F	9	302	{B771540F-1D3A-4FBF-9C8A-80958ED16527}	2014-08-11 00:00:00
912	6	D	9	302	{14F7E517-C58B-4551-88C0-D5D4EDF97AF6}	2014-08-11 00:00:00
912	50	G	21	353	{DF81FF78-BA70-4155-A508-A34724E161F9}	2014-08-11 00:00:00
912	60	F	10	246	{40D347BA-7C2F-4A46-9277-D81923B0E5FC}	2014-08-11 00:00:00
913	6	D	12	169	{67D1996D-01BF-4ABF-8FF3-833F547F41DF}	2014-08-10 00:00:00
913	50	G	24	145	{0B2FE80C-D968-4AC4-8BF9-EA96867D11A6}	2014-08-10 00:00:00
913	60	F	15	153	{41BC79AA-D552-41ED-A6E8-2A638118F5B0}	2014-08-10 00:00:00
914	6	D	13	248	{554B6058-27F4-4905-842C-9C902C45C647}	2014-08-09 00:00:00
914	50	G	25	171	{7EE779F3-0091-4577-9775-D355EE8E99D4}	2014-08-09 00:00:00
914	60	F	16	382	{E5D83079-2266-4EDA-943A-ED8D33BAE8BB}	2014-08-09 00:00:00
915	6	D	18	161	{80324910-6353-4732-8D74-B1097F82EF77}	2014-08-09 00:00:00
915	50	G	26	83	{08A33AF5-82B7-4914-8CC4-21D75077DBF6}	2014-08-09 00:00:00
915	60	F	17	158	{50435D87-BE80-4151-9CFB-C1B55486BD03}	2014-08-09 00:00:00
916	6	D	6	425	{69D30C0D-F2DB-480B-B444-F888A18C6B3F}	2014-07-31 00:00:00
916	50	G	27	288	{F8448077-EB8F-4118-8D9E-5AB68BD60658}	2014-07-31 00:00:00
916	60	F	4	276	{73FC31F9-6938-464E-9F31-3B251C2433B8}	2014-07-31 00:00:00
921	6	L	16	286	{8BC326C3-1111-4D9B-985A-C2BF2D43F82C}	2014-08-08 00:00:00
921	50	R	15	243	{C501DE18-2DFC-4A5B-9017-477AB633C146}	2014-08-08 00:00:00
922	6	L	17	264	{AC015B09-3FDB-470F-ADF2-EB634DFE8AF0}	2014-08-08 00:00:00
922	50	R	17	241	{69F7778E-8B1F-4ACD-A2F3-36C612F57068}	2014-08-08 00:00:00
923	6	L	18	262	{8DFB94BC-4A9B-4F41-8FE1-1FE126869875}	2014-08-08 00:00:00
923	50	R	18	240	{B0E7D0AF-9F2C-42BC-B5DA-78D20A10D8CD}	2014-08-08 00:00:00
928	6	L	2	240	{AD995530-D123-4F43-B0A0-294F5C5410E9}	2014-08-12 00:00:00
928	50	R	1	369	{2EC545AC-000D-49C5-A0E6-737CED96AC9D}	2014-08-12 00:00:00
929	6	L	3	385	{D7E5780D-FFD8-4EC3-A5F7-295970E924D9}	2014-08-12 00:00:00
929	50	R	3	284	{241DD7B6-BB54-4542-88C6-8856DACB7B88}	2014-08-12 00:00:00
930	6	L	5	267	{4B23BAB2-70B7-4DF6-93CB-49FF3D89AFD2}	2014-08-12 00:00:00
930	50	R	5	232	{C2100FD0-6A1F-49C7-A2B4-38DCCEC76E27}	2014-08-12 00:00:00
931	6	L	6	236	{415A9CE3-98A3-4FCD-A89C-5CCC6B50D718}	2014-08-12 00:00:00
931	50	R	6	252	{B3AE5A9E-B904-4831-A344-3136C2CBAAFC}	2014-08-12 00:00:00
932	6	L	8	382	{B5B13D29-C771-4384-BDA2-16F4DA641ED3}	2014-08-12 00:00:00
932	50	R	7	192	{5AFC19D1-94BC-453D-AB30-62ACD71BC74B}	2014-08-12 00:00:00
933	6	L	10	299	{69C587FC-04CE-4A4B-A7F8-8B4E9D1D6214}	2014-08-08 00:00:00
933	50	R	9	228	{01475150-96A0-4373-8A60-0FDAA4D03CE2}	2014-08-08 00:00:00
934	6	L	11	233	{9D782C2C-C778-4657-90D0-41C8C0F31BBD}	2014-08-08 00:00:00
934	50	R	11	249	{894D8DC0-3A31-4732-8E98-14BCBC643C2E}	2014-08-08 00:00:00
935	1	E	24	174	{F5CDB9CB-DFDE-40A1-A996-2CECF8CDF99A}	2014-08-10 00:00:00
935	6	M	1	182	{91EB4E12-E61F-4B98-AE80-1A0F000E62A4}	2014-08-10 00:00:00
935	50	W	1	156	{DCCB77DA-5850-4064-A698-C2A80224F654}	2014-08-10 00:00:00
936	1	E	25	172	{8BA1FDF6-4DA8-44B2-AC67-1A2B68C421F3}	2014-08-10 00:00:00
936	6	M	2	180	{E8AB068A-C417-417E-86DC-5F8FFE7098DA}	2014-08-10 00:00:00
936	50	W	2	155	{575C9376-0762-4EA9-88D9-ADF39A72900F}	2014-08-10 00:00:00
937	1	E	20	171	{AA0E5356-4E0C-4558-B159-BF0E0EB5B3C9}	2014-08-11 00:00:00
937	6	M	9	179	{D5FFF97B-7F58-47B7-A015-7B07ABC546AD}	2014-08-11 00:00:00
937	50	W	9	153	{A509885A-3619-4D96-950A-D677F885F74F}	2014-08-11 00:00:00
938	1	E	21	169	{1BA43A54-1487-43FB-BB22-FEA092100E94}	2014-08-11 00:00:00
938	6	M	10	177	{AB8ED1EF-7981-45E9-AF90-A669816597E2}	2014-08-11 00:00:00
938	50	W	10	152	{A51ED6EE-EE8D-4F94-92AC-35C75AE49128}	2014-08-11 00:00:00
939	1	E	16	168	{F000A245-BFA0-4393-8C58-2B444CDD9831}	2014-08-11 00:00:00
939	6	M	3	176	{2BE3A0AA-5267-4573-856C-AD365EFDE45A}	2014-08-11 00:00:00
939	50	W	7	150	{BBFC30C6-0181-4778-B663-54719B5605D1}	2014-08-11 00:00:00
940	1	E	17	316	{2FECB528-C0F2-4CB2-AC74-E48584A77A52}	2014-08-05 00:00:00
940	6	M	4	267	{77247401-F23F-42FB-B4AC-E55773CD4754}	2014-08-05 00:00:00
940	50	W	8	323	{36F2FB3F-7478-479E-9E28-BAF3EB8A4CF7}	2014-08-05 00:00:00
941	1	E	14	235	{19078460-CCBB-47C1-886D-5C4D34841258}	2014-08-09 00:00:00
941	6	M	5	262	{9C8119E4-90F6-4A0B-B7B2-C2691EFA1482}	2014-08-09 00:00:00
941	50	W	3	388	{426EA11A-AB14-4255-8EA6-1A60BE300F4D}	2014-08-09 00:00:00
942	10	N/A	0	120	{13B8F8EB-8402-4C01-93E5-92F8C859F66E}	2013-04-30 00:00:00
942	20	N/A	0	160	{4AC770C3-3FBA-4218-AC15-2739497E6724}	2013-04-30 00:00:00
942	30	N/A	0	147	{7B0CFFD1-F81E-4EE6-91AA-F852E3F6CA9B}	2013-04-30 00:00:00
942	45	N/A	0	105	{5DECE803-133B-4BA7-8A98-5E8B104FFE6D}	2013-04-30 00:00:00
942	50	N/A	0	158	{F33264E5-94FF-4874-8C51-DF367ED93EB6}	2013-04-30 00:00:00
942	60	N/A	0	136	{0F7B3E43-EFB5-4C11-AB1F-C508647DEA5A}	2013-04-30 00:00:00
943	10	N/A	0	102	{48BCA16F-6741-44B3-BEDB-FE08BE2B5784}	2013-04-30 00:00:00
943	20	N/A	0	142	{BA293D19-C3F1-4104-8955-4DA147B386F0}	2013-04-30 00:00:00
943	30	N/A	0	129	{D1A5CB11-24CF-41D5-B5CB-38B3BD5349EF}	2013-04-30 00:00:00
943	40	N/A	0	88	{DBB42163-1526-48A0-BAC3-2253FC6FF4C6}	2013-04-30 00:00:00
943	50	N/A	0	140	{75BD5626-E15B-48F7-9AE1-84D91BC99FF1}	2013-04-30 00:00:00
943	60	N/A	0	118	{F50D3932-CD0E-4A14-A314-00F275264296}	2013-04-30 00:00:00
944	10	N/A	0	112	{FD1F1796-02EF-4BBC-9254-DA8098F1CA53}	2013-04-30 00:00:00
944	20	N/A	0	96	{194F5765-79B9-42D3-9914-809F9E9E5F39}	2013-04-30 00:00:00
944	30	N/A	0	123	{A0C2A74A-96CB-4E1B-B2B9-8BA94AED0076}	2013-04-30 00:00:00
944	45	N/A	0	136	{7269ED3F-85CC-4BF6-9C54-2CAF50ACF9D4}	2013-04-30 00:00:00
944	50	N/A	0	81	{553CEAB6-0E77-4053-85BA-872B411829B8}	2013-04-30 00:00:00
944	60	N/A	0	134	{CFC1219D-6E27-40D2-BDE7-E971775A1701}	2013-04-30 00:00:00
945	5	J	4	347	{60B347ED-82C1-405A-B7B4-5E7FE00FEC78}	2013-04-30 00:00:00
945	10	C	5	236	{FDF0DBF9-E8CB-4349-8BC4-2B86E0B27BA8}	2013-04-30 00:00:00
945	50	A	4	270	{22F9F1A2-917E-4781-A431-8177615A153B}	2013-04-30 00:00:00
946	10	E	10	248	{A789955B-FEC4-4728-9FB2-7B24D2AFC8C3}	2013-04-30 00:00:00
946	20	S	7	257	{D3207862-A8AA-4961-A65E-7AA0A77EDF97}	2013-04-30 00:00:00
946	50	F	9	297	{41C646C2-811D-4F07-B960-26379ECC8F1E}	2013-04-30 00:00:00
947	10	E	11	244	{3BDC2970-658C-4008-B8C9-33BE0A71E485}	2013-04-30 00:00:00
947	20	S	8	254	{5584594C-3752-498A-9184-51F4777E68B3}	2013-04-30 00:00:00
947	50	F	10	294	{D742BD98-900C-47DB-A434-C2CD13D663B4}	2013-04-30 00:00:00
948	5	J	1	347	{FFD07590-9F3C-4ABF-80C7-353C66BD8429}	2014-08-12 00:00:00
948	50	A	1	420	{1CF7AC5D-EC65-4082-981D-5DA23DDA0E04}	2014-08-12 00:00:00
949	1	E	1	265	{6F19980F-16BC-4831-BA60-AA05D92E1098}	2013-04-30 00:00:00
949	5	A	14	336	{A8C7B453-DC9E-43B5-BC18-7FC2720A8B34}	2013-04-30 00:00:00
949	50	A	30	284	{A0E6D5D7-10B0-4042-854F-F48938025DED}	2013-04-30 00:00:00
950	1	E	2	272	{F279D0CA-E2A6-4123-8C5B-02E56FFDF3C3}	2013-04-30 00:00:00
950	5	A	15	342	{C1B83518-0A0B-4CC3-812B-2443FE022046}	2013-04-30 00:00:00
950	50	A	31	291	{4EFCF527-D62A-4218-9AA4-DC241BD61D15}	2013-04-30 00:00:00
951	1	E	3	278	{6416D956-3AD6-4D36-A2B6-521BFC4EFAAC}	2013-04-30 00:00:00
951	5	A	16	348	{9D12924C-919B-4C9F-A8C3-65A5A179096D}	2013-04-30 00:00:00
951	50	A	32	297	{31A1B4AF-ABF3-46EC-AE14-3ACEBC8E545F}	2013-04-30 00:00:00
952	1	C	5	236	{7A254A77-B8A6-40DF-8E87-DCFECE42D6DA}	2014-08-08 00:00:00
952	5	A	5	192	{526B82AB-C32F-413E-BD3C-60D2CA192A82}	2014-08-08 00:00:00
952	50	A	25	161	{6AD8A954-FE98-4962-A297-53CC416C96C7}	2014-08-08 00:00:00
953	7	N/A	0	116	{CBB9A926-531B-4893-B76C-2379375BD17C}	2013-04-30 00:00:00
953	60	N/A	0	49	{C2C28A46-6AA5-40A2-AC8E-8ABE502B1FD5}	2013-04-30 00:00:00
954	7	N/A	0	65	{38C69CB8-FE9E-4DDD-853E-11D3EDA5A9B0}	2013-04-30 00:00:00
954	60	N/A	0	83	{1F861FA6-8D78-4B13-AFD8-C4D9B1000812}	2013-04-30 00:00:00
955	7	N/A	0	75	{04E178D8-FC9A-4FEE-A979-A28A17699BEC}	2013-04-30 00:00:00
955	60	N/A	0	62	{AF285249-75DB-4E85-87B7-21C973758253}	2013-04-30 00:00:00
956	7	N/A	0	35	{1F99B8A6-0CBA-47B4-9189-2FD6456362CE}	2013-04-30 00:00:00
956	60	N/A	0	40	{D934D8D7-264D-4BD5-9BE8-25A9CA566BF4}	2013-04-30 00:00:00
957	7	N/A	0	51	{44A051D5-6454-4441-B18C-7DF8C305FE6A}	2013-04-30 00:00:00
957	60	N/A	0	100	{997B9627-0AC8-4F3C-91A4-D0B121B89B9C}	2013-04-30 00:00:00
958	7	N/A	0	128	{5F3E0A21-97FE-40D9-8C40-A739BE677FD3}	2013-04-30 00:00:00
958	60	N/A	0	35	{BF1249C3-A84B-4F2F-B3C2-3DD6DF37850D}	2013-04-30 00:00:00
959	7	N/A	0	83	{33B8C62A-89DA-48BD-B5AE-7B8F26F7A1DC}	2013-04-30 00:00:00
959	60	N/A	0	121	{C5E9F516-5B05-4D8F-A1C3-F4130290A3B8}	2013-04-30 00:00:00
960	7	N/A	0	54	{958978C8-DF63-4801-9AC2-BC771367D251}	2013-04-30 00:00:00
960	60	N/A	0	105	{606A2367-3E56-4E6E-BD34-35CCCCF4A9F2}	2013-04-30 00:00:00
961	7	N/A	0	88	{F6477C89-0B08-4BC5-AB2C-A3FFE2616A54}	2013-04-30 00:00:00
961	60	N/A	0	80	{833D5F4A-9A92-492D-8EAF-E761CE80C3C9}	2013-04-30 00:00:00
962	7	N/A	0	67	{1C299D4D-3E04-4DE2-BD4F-A1F201CEA98F}	2013-04-30 00:00:00
962	60	N/A	0	107	{7C03D802-5F43-493F-93CD-A491C86B351E}	2013-04-30 00:00:00
963	7	N/A	0	126	{00740703-F4B3-4A25-9EE9-249DDD1F2596}	2013-04-30 00:00:00
963	60	N/A	0	36	{56742F4D-ADB4-428F-ABFB-A75A653F4385}	2013-04-30 00:00:00
964	7	N/A	0	81	{E02989AE-2310-409E-A19C-F4C29F5AE1DC}	2013-04-30 00:00:00
964	60	N/A	0	116	{4D0B989F-A84B-47CA-BA77-76D4D46272DF}	2013-04-30 00:00:00
965	7	N/A	0	91	{99FE7E39-BF2D-4AFE-9AEB-A3AB6426598C}	2013-04-30 00:00:00
965	60	N/A	0	72	{ED288862-97BE-495E-9BF8-9DF6C63D06B5}	2013-04-30 00:00:00
966	7	N/A	0	99	{82A9D933-8BC0-4AFE-ACB1-98E59B5C9EEF}	2013-04-30 00:00:00
966	60	N/A	0	86	{58A0D3ED-D403-4EDB-AD6A-CE216775144F}	2013-04-30 00:00:00
967	7	N/A	0	67	{8FB8B038-987F-438F-B04A-ACE3ACFD8931}	2013-04-30 00:00:00
967	60	N/A	0	81	{2C760EB2-B1B6-4857-89BD-0A2D3B954439}	2013-04-30 00:00:00
968	7	N/A	0	73	{6907EFC4-CE55-496E-AF71-4EC7A389A49B}	2013-04-30 00:00:00
968	60	N/A	0	60	{0D180279-656A-4E41-83A4-B8E29AE6286B}	2013-04-30 00:00:00
969	7	N/A	0	30	{3678E2BA-85B5-420D-B1A2-E1A13BFD4835}	2013-04-30 00:00:00
969	60	N/A	0	99	{6410CEE4-344B-49E9-B9C0-503A4503724C}	2013-04-30 00:00:00
970	7	N/A	0	73	{BD522099-9151-4C84-9434-FA2737E20849}	2013-04-30 00:00:00
970	60	N/A	0	60	{4B4384A8-4829-466C-B432-296681F309C7}	2013-04-30 00:00:00
971	7	N/A	0	104	{3CF518F7-FE6F-4634-8EE5-2BE34A540B62}	2013-04-30 00:00:00
971	60	N/A	0	123	{8EE95877-9DD3-41D0-9133-7C7C9D230DCC}	2013-04-30 00:00:00
972	7	N/A	0	30	{3847FFF4-7513-4004-BFDA-1D96375626FC}	2013-04-30 00:00:00
972	60	N/A	0	99	{20FD8261-60A0-4882-A3A0-4AE1F6D09560}	2013-04-30 00:00:00
973	7	N/A	0	99	{8402FB47-3E3D-41E5-8ECE-2849B793DBEE}	2013-04-30 00:00:00
973	60	N/A	0	86	{41C0E74E-4032-4E60-BB16-F10B813CDF62}	2013-04-30 00:00:00
974	7	N/A	0	67	{69B40268-0B02-4505-A81E-4DC19487CA0E}	2013-04-30 00:00:00
974	60	N/A	0	81	{FA25BAFA-9242-4297-80E3-2810FE60BD4A}	2013-04-30 00:00:00
975	7	N/A	0	73	{4870CCF2-639B-48D8-8144-00429E756050}	2013-04-30 00:00:00
975	60	N/A	0	60	{F45D4D75-30F6-473D-B483-E61F33816143}	2013-04-30 00:00:00
976	7	N/A	0	104	{1C8E0FDC-B8C2-4A90-90FA-B86A48955555}	2013-04-30 00:00:00
976	60	N/A	0	123	{0DCF7F0A-C9A8-4705-BDD0-CA0330371912}	2013-04-30 00:00:00
977	7	N/A	0	88	{AB046689-37DD-4C6E-8D0F-A80098FE0F12}	2013-04-30 00:00:00
977	60	N/A	0	65	{4B6782AF-87E4-499B-9572-672FF7E89C70}	2013-04-30 00:00:00
978	7	N/A	0	91	{B2A9CC4C-F998-42F0-9F55-4CEFDB524619}	2013-04-30 00:00:00
978	60	N/A	0	72	{49F78F8B-695F-47B8-9C9E-757053503C4C}	2013-04-30 00:00:00
979	7	N/A	0	86	{1BCD1193-92D2-40DC-B9C6-C8243FBC06C1}	2013-04-30 00:00:00
979	60	N/A	0	78	{5CC17093-C813-4BCA-B536-AABB821400BC}	2013-04-30 00:00:00
980	7	N/A	0	51	{9FF19E16-DD55-419B-A54E-742A7D1890F8}	2013-04-30 00:00:00
980	60	N/A	0	99	{06A56062-E408-49FD-B457-B609A0EC95F2}	2013-04-30 00:00:00
981	7	N/A	0	86	{46410334-3741-4C83-AF6D-504D4FDB0043}	2013-04-30 00:00:00
981	60	N/A	0	67	{0D3979D8-A910-4A0D-9F1D-47C7CE6AE81D}	2013-04-30 00:00:00
982	7	N/A	0	81	{01F4A2F8-9C20-4F5F-BCF9-62BFF79139CA}	2013-04-30 00:00:00
982	60	N/A	0	73	{62D0E6AE-520F-47BB-A990-2E3FACC02A68}	2013-04-30 00:00:00
983	7	N/A	0	60	{A6CE5ED5-95CE-49C2-9E47-459122570A80}	2013-04-30 00:00:00
983	60	N/A	0	104	{0F37D5E1-4711-429D-B6F6-353C040CE0C0}	2013-04-30 00:00:00
984	7	N/A	0	81	{26663B83-3218-4F78-B6FD-4AE02923890C}	2013-04-30 00:00:00
984	60	N/A	0	73	{E93E4AF6-83A5-499E-AF4B-A08F300D6FCE}	2013-04-30 00:00:00
985	7	N/A	0	60	{D2C8A478-0C4C-4063-B805-6CC6CB7E0472}	2013-04-30 00:00:00
985	60	N/A	0	104	{051DE7A0-FE4E-43ED-8EFD-998A358A1922}	2013-04-30 00:00:00
986	7	N/A	0	123	{C3BDF972-8C67-436A-A777-120A1611DCD4}	2013-04-30 00:00:00
986	60	N/A	0	30	{2D0806BA-AEC9-43D3-8C3D-5B63950C4195}	2013-04-30 00:00:00
987	7	N/A	0	99	{F6523155-9C22-43B9-8622-5436FA170D76}	2013-04-30 00:00:00
987	60	N/A	0	56	{A3677547-272D-42BD-8695-42B62CFAC65C}	2013-04-30 00:00:00
988	7	N/A	0	78	{9A6DEDE8-7390-4F0B-BE3B-9C6A3077FBE2}	2013-04-30 00:00:00
988	60	N/A	0	116	{EDD49182-044C-4221-A956-04EAB17A4B78}	2013-04-30 00:00:00
989	7	N/A	0	51	{B4D7B1E6-F6D0-47A2-A199-1266098B9BD6}	2013-04-30 00:00:00
989	60	N/A	0	99	{D4D8248D-61F6-4E20-BA81-89CEDFE3C8A7}	2013-04-30 00:00:00
990	7	N/A	0	86	{FFACCA72-7E76-4AEC-AF4D-BBE70ADB10BB}	2013-04-30 00:00:00
990	60	N/A	0	67	{64D1A000-B778-48DE-92D9-766870860FDF}	2013-04-30 00:00:00
991	7	N/A	0	81	{3538EAB5-6729-40D4-951B-12409BCE9389}	2013-04-30 00:00:00
991	60	N/A	0	73	{5A58368E-E5B5-440F-8202-EF373D9D5767}	2013-04-30 00:00:00
992	7	N/A	0	60	{D5AE2682-4443-4A2B-A8F5-F0B7BEBB5E95}	2013-04-30 00:00:00
992	60	N/A	0	104	{AA4D1028-4706-47D7-9C9C-764D66335D25}	2013-04-30 00:00:00
993	7	N/A	0	123	{06EADDB7-34D1-43C4-BD20-181CE355FCAB}	2013-04-30 00:00:00
993	60	N/A	0	30	{A4D61B97-FC1F-4C57-B19F-1EAC3533FD13}	2013-04-30 00:00:00
994	1	A	3	244	{86D87365-621E-4FF2-AD66-A7E3B1A2AA79}	2013-04-30 00:00:00
994	6	B	6	358	{A1DC8516-3D00-4A9E-A646-8B55227EBDCB}	2013-04-30 00:00:00
994	50	A	7	212	{79D0D86B-1D66-411F-A4CF-7004F335011B}	2013-04-30 00:00:00
995	1	A	4	230	{35731FE2-C930-4A21-8BD4-D8D1534C01AD}	2013-04-30 00:00:00
995	6	B	7	321	{81034BC0-2A9E-4C8E-831D-3F20CFE86B7A}	2013-04-30 00:00:00
995	50	A	8	265	{15562E5B-291D-4DFE-AA1D-8C66F98EDEBA}	2013-04-30 00:00:00
996	1	A	5	321	{94E9490E-6677-41B5-87B4-411FBD9FBE1D}	2013-04-30 00:00:00
996	6	B	8	475	{9CDEDCD7-979C-4DDD-BC2C-67B7176FD808}	2013-04-30 00:00:00
996	50	A	9	174	{9988C90A-FF42-4915-89FD-B8D848699E9C}	2013-04-30 00:00:00
997	7	N/A	0	123	{540B82BE-09E5-4E99-9B7B-835FFAB06950}	2013-04-30 00:00:00
997	60	N/A	0	30	{731E624A-BD0D-447C-9FE1-472F73917897}	2013-04-30 00:00:00
998	7	N/A	0	99	{B859A235-A1CC-48D7-92BB-10D0C2886E4E}	2013-04-30 00:00:00
998	60	N/A	0	56	{5021E7EA-CE96-433C-860A-B9E57A45EF03}	2013-04-30 00:00:00
999	7	N/A	0	78	{61A26DB0-BD17-442B-B119-8E5227811B82}	2013-04-30 00:00:00
999	60	N/A	0	116	{AFF43C54-AF78-4635-8F8A-733A1FC2D085}	2013-04-30 00:00:00
