1	680	{BB30B868-D86C-4557-8DB2-4B2D0A83A0FB}	2011-04-01 00:00:00
1	706	{B3C9A4B1-2AE6-4CBA-B552-1F206C9F4C1F}	2011-04-01 00:00:00
1	707	{27B711FE-0B77-4EA4-AD1A-7C239956BEF4}	2011-04-01 00:00:00
1	708	{46CBB78B-246E-4D69-9BD6-E521277C1078}	2011-04-01 00:00:00
1	709	{CF102AA0-055F-4D2B-8B98-04B161758EA8}	2011-04-01 00:00:00
1	710	{63718DA1-464B-4325-9514-CDEE46CB124F}	2011-04-01 00:00:00
1	711	{457EB971-D1C9-48CA-B947-AE7E1B114377}	2011-04-01 00:00:00
1	712	{5B948448-BAE5-4F2A-A1F3-8203E892FD24}	2011-04-01 00:00:00
1	713	{07768F40-6E46-430F-AC1A-FF6A3629729C}	2011-04-01 00:00:00
1	714	{85004BCE-C74A-4D4E-8D17-3157991A1400}	2011-04-01 00:00:00
1	715	{BE469616-B279-452F-8C41-9EB30B2E935A}	2011-04-01 00:00:00
1	716	{96D141FD-1D8E-4312-B4B1-E72C0A0D15FE}	2011-04-01 00:00:00
1	717	{F717C3DC-3DBF-4F4E-B57A-BACB0134BDBC}	2011-04-01 00:00:00
1	718	{B4634789-ACBB-4701-A006-186B18875FCD}	2011-04-01 00:00:00
1	719	{B0F55004-472E-4C6B-B80F-095C135258A7}	2011-04-01 00:00:00
1	720	{691B64BD-C417-4787-99B3-FCFF8046AC5F}	2011-04-01 00:00:00
1	721	{0FE22357-94A1-4080-B941-2AF7E3513E40}	2011-04-01 00:00:00
1	722	{87AF8A2A-02B8-4657-AA55-327B87685C5C}	2011-04-01 00:00:00
1	723	{6A155B5E-7E94-4A79-AC70-CA099B86981E}	2011-04-01 00:00:00
1	724	{EBFBD8D4-3067-4D21-8DDB-64A3945D06D6}	2011-04-01 00:00:00
1	725	{97476DD3-53E3-4C0A-B90D-177075E7BC26}	2011-04-01 00:00:00
1	726	{0EA15696-E203-4627-B2F1-2B8D24B23116}	2011-04-01 00:00:00
1	727	{3A1175F0-940F-4FFA-9D5C-695DB429BC76}	2011-04-01 00:00:00
1	728	{DC027483-C1C1-4449-AA5E-457DD1221803}	2011-04-01 00:00:00
1	729	{F7BDDB48-FA74-41E5-8913-ECBA4393254B}	2011-04-01 00:00:00
1	730	{4A12BD85-DC0A-4CA4-A30F-D1A68B8C5E0F}	2011-04-01 00:00:00
1	731	{CCDC8B7B-B7EB-4C53-96B5-0215D904D51E}	2011-04-01 00:00:00
1	732	{447E29A2-6026-426D-A5CC-586E684EFFFD}	2011-04-01 00:00:00
1	733	{5E22434E-8BE1-44B1-85E2-2547F01DC44F}	2011-04-01 00:00:00
1	734	{EBE7B2C5-8963-4D34-BE81-20BEC896E5B8}	2011-04-01 00:00:00
1	735	{38629ADF-024C-42A1-98E4-E33DF40BBAAB}	2011-04-01 00:00:00
1	736	{8AF19B7E-007E-4531-9808-B1C01505EDFD}	2011-04-01 00:00:00
1	737	{1F845481-CAA5-4F9A-BCB5-C79FDED5CFB4}	2011-04-01 00:00:00
1	738	{CADF8706-7C3F-426F-9EA6-A2859D372110}	2011-04-01 00:00:00
1	739	{9AC4A238-D3FD-4F8B-A0BA-22874F2EE828}	2011-04-01 00:00:00
1	740	{335B8526-2242-4E6F-940F-2C817947A262}	2011-04-01 00:00:00
1	741	{E1138B2A-B3A2-44F0-9E9B-FCD948766830}	2011-04-01 00:00:00
1	742	{AA5F7567-E06B-4D6C-9804-9169564439AF}	2011-04-01 00:00:00
1	743	{EED6435E-E95D-4332-B4A0-C91B22FC198D}	2011-04-01 00:00:00
1	744	{4679B501-DE36-4E38-859A-F72D88F96D8D}	2011-04-01 00:00:00
1	745	{00365938-3422-494E-B92E-C00AFD691469}	2011-04-01 00:00:00
1	746	{C7CA66B2-5AA8-4F8F-9873-D80167B34DE6}	2011-04-01 00:00:00
1	747	{042C1933-0B2F-4FD8-B756-EA1ED88A42EE}	2011-04-01 00:00:00
1	748	{C730BD7C-1E95-4EC1-B1F1-CB2F778C8CB7}	2011-04-01 00:00:00
1	749	{E4568488-03A5-467A-9836-32E47379E158}	2011-04-01 00:00:00
1	750	{8DEFDAE3-8D7F-4996-BBAE-34350A8C5406}	2011-04-01 00:00:00
1	751	{019CA613-172C-43AB-AD67-47DD78291C5F}	2011-04-01 00:00:00
1	752	{C95D0A99-88AF-4904-8D0C-EC790BF6AC38}	2011-04-01 00:00:00
1	753	{3130BBB6-E0DA-457D-BD10-8E90C975AA56}	2011-04-01 00:00:00
1	754	{7C6AF643-5CE8-4929-BD5E-7821AEAAEFCB}	2011-04-01 00:00:00
1	755	{0DBD2112-54C5-4FBA-9535-FB6AC85FBC1A}	2011-04-01 00:00:00
1	756	{0E45ECA1-D17F-44E4-9768-80B82F980376}	2011-04-01 00:00:00
1	757	{40A9E94E-3CEE-4F4C-A97C-0776D38ABFD5}	2011-04-01 00:00:00
1	758	{1D082E24-2F19-49D6-A4E1-4D7328806633}	2011-04-01 00:00:00
1	759	{AEE3C9F4-C219-438D-84EE-6C5E3BF074B7}	2011-04-01 00:00:00
1	760	{F19F943B-7BF6-4617-87D9-316CC4C9BAB2}	2011-04-01 00:00:00
1	761	{5AE00BCA-B5B9-4F0B-8B2A-9560BD2EE07F}	2011-04-01 00:00:00
1	762	{7899DC72-5E42-4C5C-838B-CB551537329B}	2011-04-01 00:00:00
1	763	{23970497-E475-48DC-9A38-96DC956F4608}	2011-04-01 00:00:00
1	764	{8B5D68B0-EB43-45D5-A062-368C9ED00DFD}	2011-04-01 00:00:00
1	765	{6B1EBF89-40CA-471C-A243-EA6E178AEF1B}	2011-04-01 00:00:00
1	766	{6D4ED8CD-579D-4B7C-B44A-6CFF4AABEC20}	2011-04-01 00:00:00
1	767	{1BCBB834-57A1-424B-B8B1-42EA18F381CB}	2011-04-01 00:00:00
1	768	{93ABBCF6-DA36-4BCC-AF79-3BAC86331972}	2011-04-01 00:00:00
1	769	{21A2F964-6D44-40D7-ABE2-EF974C4D19FF}	2011-04-01 00:00:00
1	770	{F3414C43-CF20-4AEB-AD8E-0B7E6E682D1C}	2011-04-01 00:00:00
1	771	{F9A22C63-1CA7-48E4-870B-CEDF4BA0F00B}	2011-04-01 00:00:00
1	772	{8E5C4CC8-669F-4A72-9E99-5DB8CCBEF765}	2011-04-01 00:00:00
1	773	{BB0F1748-3BFF-4307-ABF2-04B26FAF3499}	2011-04-01 00:00:00
1	774	{870FA4A2-B3D5-4057-A2B1-A2CAF6A31DB0}	2011-04-01 00:00:00
1	775	{F49C722C-6CD0-49D3-85EF-B6AFB67B6E73}	2011-04-01 00:00:00
1	776	{D70CF5A5-07F0-4D60-B292-5E07F5EC614D}	2011-04-01 00:00:00
1	777	{97A7183A-A0BE-42FD-BE18-209881576558}	2011-04-01 00:00:00
1	778	{61AE5D03-B7EE-4A61-A233-CC23D526A8A9}	2011-04-01 00:00:00
1	779	{4193FD04-F96B-4146-895C-292C969B468A}	2011-04-01 00:00:00
1	780	{59D8170E-02D0-455A-9E43-E9590E732D34}	2011-04-01 00:00:00
1	781	{4A71D4B6-62EE-4BCC-ABA8-5870917316BB}	2011-04-01 00:00:00
1	782	{35E1419D-AC65-4305-ADFD-50B4CB1AD7BF}	2011-04-01 00:00:00
1	783	{4CE5BF73-511A-4308-817D-EB0FEE2F07FD}	2011-04-01 00:00:00
1	784	{018C6DD3-A040-4818-9D0F-4C08D0017633}	2011-04-01 00:00:00
1	785	{646E2EA2-E817-414E-BB53-08F6206E238B}	2011-04-01 00:00:00
1	786	{D91637E6-25E8-472A-929F-B3843FC005B4}	2011-04-01 00:00:00
1	787	{72C859BE-0038-41B3-8F3A-5E60D31E8691}	2011-04-01 00:00:00
1	788	{ACF3185D-F485-4AF6-9C8D-4C757F68A435}	2011-04-01 00:00:00
1	789	{0EA6B126-864C-4647-B997-5224DFE460AA}	2011-04-01 00:00:00
1	790	{A1D516CA-D93E-428D-8A43-E47F62B67078}	2011-04-01 00:00:00
1	791	{218533E8-AE68-457D-8BB8-7884B354BAD7}	2011-04-01 00:00:00
1	792	{24A371BB-6730-4FA4-B2B9-16ADEC67395B}	2011-04-01 00:00:00
1	793	{35AD391F-A302-4C9A-A1A2-5945FE409A62}	2011-04-01 00:00:00
1	794	{37B81B4E-A906-4CC7-B748-DE511FBC0EAD}	2011-04-01 00:00:00
1	795	{115F558F-D46B-4968-B22D-D697A4E00182}	2011-04-01 00:00:00
1	796	{5770E071-2BF3-4E2A-A7AD-4A1320F629DB}	2011-04-01 00:00:00
1	797	{F453D8B5-D7CE-484D-A3D1-2767FF9276C5}	2011-04-01 00:00:00
1	798	{5D990BEC-06A0-4677-BDE1-D2B3F5897345}	2011-04-01 00:00:00
1	799	{CB74499A-2819-4D7C-B8E3-BBBA7A625F9B}	2011-04-01 00:00:00
1	800	{0804B4A3-A704-4921-BC38-52A5ECD7F140}	2011-04-01 00:00:00
1	801	{CD3FB612-33DA-40BE-9367-D613F8A36EF3}	2011-04-01 00:00:00
1	802	{78AACB54-2B48-4059-A191-D9B804EA0466}	2011-04-01 00:00:00
1	803	{641EE9D1-456B-425A-BB05-7CF2F4319FE1}	2011-04-01 00:00:00
1	804	{67204815-5122-4935-9E39-5E2CBE1CFE47}	2011-04-01 00:00:00
1	805	{D065F8A0-BBEC-4192-8D5C-68C169A0F2B1}	2011-04-01 00:00:00
1	806	{FCDF211F-8A2A-4F6D-8581-BB3051BD9891}	2011-04-01 00:00:00
1	807	{6D0078F8-2151-4438-A863-E55CD01BA3DF}	2011-04-01 00:00:00
1	808	{4DC70FFB-A6A9-4757-9E46-30193CC962C3}	2011-04-01 00:00:00
1	809	{60FC6A5D-81A2-483B-BE4A-BB2A70F8BF1B}	2011-04-01 00:00:00
1	810	{68B1C1A8-511C-45A7-8EDA-FE41F7E650E2}	2011-04-01 00:00:00
1	811	{9DB66331-11A5-4BE7-90D3-8043C2A3B210}	2011-04-01 00:00:00
1	812	{9F67A271-D700-4D25-A846-1EAAF1F11F73}	2011-04-01 00:00:00
1	813	{46960BB3-D5C9-4670-8449-74F9E99827A9}	2011-04-01 00:00:00
1	814	{D16AAF96-C0A6-494A-B916-DE391F5389DF}	2011-04-01 00:00:00
1	815	{747089A2-E9BE-4E4E-816C-50EE674D938D}	2011-04-01 00:00:00
1	816	{6027777C-A61A-4AC9-BC6E-E691FB0B1B8F}	2011-04-01 00:00:00
1	817	{832B8E07-09DE-499F-B5E3-1F10541734A7}	2011-04-01 00:00:00
1	818	{CD7CE0C4-1745-4F1E-A0F1-C62116BDBC20}	2011-04-01 00:00:00
1	819	{B8C23CDF-B28A-45EE-96EC-6BB1FE665765}	2011-04-01 00:00:00
1	820	{F125C363-21A0-4BBE-A5FE-D2FC974098E1}	2011-04-01 00:00:00
1	821	{27505F65-C5AB-4007-BA7A-042156A98967}	2011-04-01 00:00:00
1	822	{825D9493-BEE3-450A-9B56-766745B21931}	2011-04-01 00:00:00
1	823	{5B8CE0C5-54C9-4B87-90A0-F3E2AD92846F}	2011-04-01 00:00:00
1	824	{DECE8415-513C-48D0-979A-08223BEAAF59}	2011-04-01 00:00:00
1	825	{06C4205A-E342-4216-AE2E-A231B2012B08}	2011-04-01 00:00:00
1	826	{8DA559A4-3BE0-429B-97CB-46BA98B6B1A2}	2011-04-01 00:00:00
1	827	{99223613-CB70-46E2-9881-D574B69736DE}	2011-04-01 00:00:00
1	828	{C8A7B3FF-1322-4031-AA96-1BC38F09A7CA}	2011-04-01 00:00:00
1	829	{29673D72-2C56-4445-A10C-8B51627923FA}	2011-04-01 00:00:00
1	830	{A96236FC-E731-4599-9EA5-67C00BD25EC0}	2011-04-01 00:00:00
1	831	{12B4F2A1-131F-47D6-BF07-8B4AFDBF36B3}	2011-04-01 00:00:00
1	832	{DEB80CA9-7F9F-45CE-9ABA-411C2A8887CA}	2011-04-01 00:00:00
1	833	{64A665EE-361E-45E6-AB06-365A5FE85395}	2011-04-01 00:00:00
1	834	{BBA0194A-605B-4C97-943B-E9BF4E51FA9E}	2011-04-01 00:00:00
1	835	{D397760D-EACD-4F26-A03E-3AD2A84C7E56}	2011-04-01 00:00:00
1	836	{6B12FF4A-5467-47F6-8584-0B40AB14D8C2}	2011-04-01 00:00:00
1	837	{BDFBCA49-92C3-4155-8D36-5159B1776770}	2011-04-01 00:00:00
1	838	{6A97249A-58DD-44D8-B405-EBA0B56FC1AF}	2011-04-01 00:00:00
1	839	{EA3DEC45-3AFB-42B5-A3BB-C6369D9E3C1D}	2011-04-01 00:00:00
1	840	{BE57F03C-3CDA-4FE8-9522-FB050782B3D0}	2011-04-01 00:00:00
1	841	{64478404-D1E3-4E45-AB75-A2189C725B6B}	2011-04-01 00:00:00
1	842	{C6E0259D-03C0-4DDE-A667-0ACC230C6CB5}	2011-04-01 00:00:00
1	843	{7084ED14-EBC6-421A-BB27-0A87C36BFC3A}	2011-04-01 00:00:00
1	844	{3D26662B-8965-4931-A80E-AA04645F9CF9}	2011-04-01 00:00:00
1	845	{CA877AB0-1673-4105-BA28-BA02AD6A1961}	2011-04-01 00:00:00
1	846	{58DBA248-DCC0-49A4-9A14-98D2872FFC4F}	2011-04-01 00:00:00
1	847	{24CF450A-D013-4C23-8FFE-38FA37B6B507}	2011-04-01 00:00:00
1	848	{F111BB9D-A39B-4177-8703-042A98C58798}	2011-04-01 00:00:00
1	849	{FB5D3790-15C5-4433-B112-F98F20993DAA}	2011-04-01 00:00:00
1	850	{5872AD5C-6627-4F50-A867-30D15EF82379}	2011-04-01 00:00:00
1	851	{DA8D3484-FE54-4EFC-871C-41BBCD9836D9}	2011-04-01 00:00:00
1	852	{55120297-5C4E-4B4F-AE5A-BE6E4FCB3C62}	2011-04-01 00:00:00
1	853	{27921017-5D3A-4483-BFCE-CFE2829A672A}	2011-04-01 00:00:00
1	854	{371E3188-0814-4C39-9873-324036FA8BEB}	2011-04-01 00:00:00
1	855	{C02443BE-B75F-4303-8B66-42BD772D93CE}	2011-04-01 00:00:00
1	856	{50C1A2C4-BF53-4B2A-BE25-6CE64C39F208}	2011-04-01 00:00:00
1	857	{6D732238-B6E3-4141-AC3A-0D0375C64E12}	2011-04-01 00:00:00
1	858	{F921A9CF-4317-4551-BF86-A2F43F1A16CD}	2011-04-01 00:00:00
1	859	{DD7D4183-2D5B-4F4D-8BDD-B2329A58D766}	2011-04-01 00:00:00
1	860	{C1B69EAC-9620-40E4-A6ED-78AA8B039E21}	2011-04-01 00:00:00
1	861	{BC481B9C-1CCB-4CBC-8152-89DA596C93D0}	2011-04-01 00:00:00
1	862	{F8019958-409F-4E8F-AE4B-00136B6D75B5}	2011-04-01 00:00:00
1	863	{02EF598A-FB96-471D-9A52-1B8126FD6C35}	2011-04-01 00:00:00
1	864	{CD77BDC6-2F5E-42B7-B08D-C54E42B85489}	2011-04-01 00:00:00
1	865	{AA28EF5D-B6A2-42A5-B85C-28E2F3B04643}	2011-04-01 00:00:00
1	866	{3D0B6A28-4F8E-47F3-AC80-993F6FEF8305}	2011-04-01 00:00:00
1	867	{440548A8-810A-495B-89B0-F20469F8A987}	2011-04-01 00:00:00
1	868	{C73285EF-8AEF-4668-9E7B-008301EF4795}	2011-04-01 00:00:00
1	869	{A985EFAB-8697-4830-8D1F-FE80B74EB251}	2011-04-01 00:00:00
1	870	{5750B20F-CD8C-4E80-82AF-34FC59E87111}	2011-04-01 00:00:00
1	871	{7E56D319-9819-492E-A952-63ECA1C7C329}	2011-04-01 00:00:00
1	872	{4F5625F4-BF82-4BC8-91C0-7407F7E2384B}	2011-04-01 00:00:00
1	873	{78DC23C8-77F1-401F-97CD-44ED97B603A7}	2011-04-01 00:00:00
1	874	{F44F5982-6C49-48E1-818E-BE0516BDF202}	2011-04-01 00:00:00
1	875	{21704CBF-711F-4A52-91CD-2694DBCFC8DD}	2011-04-01 00:00:00
1	876	{9FECC643-163F-4221-82F4-7DB0C267B5CE}	2011-04-01 00:00:00
1	877	{0020931C-087C-42F8-B441-EBE3D3B5F51E}	2011-04-01 00:00:00
1	878	{3C1D19AD-BB0C-46AB-9EFA-AFADD58BCB8F}	2011-04-01 00:00:00
1	879	{C83CD1BA-DC3A-44C6-B3EE-FFCD33C64428}	2011-04-01 00:00:00
1	880	{8D98FD8C-410D-4B08-A705-F8F10BBE5BD8}	2011-04-01 00:00:00
1	881	{D83C5DBF-9A9E-49D1-8599-B9135BDF1EA5}	2011-04-01 00:00:00
1	882	{7EE698AD-218B-40C2-B4F4-3ECDDE2D45C0}	2011-04-01 00:00:00
1	883	{ECE69FF8-228D-4DFB-AA11-77A7A854398C}	2011-04-01 00:00:00
1	884	{BA2F7F0D-24A2-4F73-A197-A57B40DC31D6}	2011-04-01 00:00:00
1	885	{36A68BDB-64F2-46F6-9DAC-C8621A2547D8}	2011-04-01 00:00:00
1	886	{843AE863-48A1-4E98-8F4B-8F20790372F6}	2011-04-01 00:00:00
1	887	{EF822D3D-CA91-4ABA-B4CC-CCF9DD8692DD}	2011-04-01 00:00:00
1	888	{50D4F67F-B29F-49E4-A3E3-FC8A2B5C75E9}	2011-04-01 00:00:00
1	889	{2E75EDD3-4159-4167-AECD-593054BD5633}	2011-04-01 00:00:00
1	890	{3FFCBAE3-7C62-425B-A4B4-FA62E5418B53}	2011-04-01 00:00:00
1	891	{67FA261D-A132-4CB2-8F2E-75A22EBEA936}	2011-04-01 00:00:00
1	892	{E5609DD6-ED8E-476A-860F-B7A199930EE2}	2011-04-01 00:00:00
1	893	{0321450F-E12A-4AAF-8557-F620AA007A0D}	2011-04-01 00:00:00
1	894	{C2289842-1B49-4B64-B078-E9CC9620BE14}	2011-04-01 00:00:00
1	895	{4DDC5976-FFDD-44C6-A4A8-910C807D58EF}	2011-04-01 00:00:00
1	896	{9674B93E-902C-420D-9A59-C92C75EC26F2}	2011-04-01 00:00:00
1	897	{C32171E5-C9AB-41B7-9F33-30D246341A00}	2011-04-01 00:00:00
1	898	{A45298CD-763D-459F-8430-ED4BDE09DD94}	2011-04-01 00:00:00
1	899	{4342A7B3-891F-46CB-9FCA-5131EAD4CF73}	2011-04-01 00:00:00
1	900	{AD58E169-56FA-4B9D-9969-812374E0D708}	2011-04-01 00:00:00
1	901	{B404B9FB-84F0-43DE-AEE2-AD37909C2670}	2011-04-01 00:00:00
1	902	{88E8ED10-2088-4EA2-A595-14916242D9F4}	2011-04-01 00:00:00
1	903	{512DECE6-0FDF-405E-85F6-357A3AFBE17E}	2011-04-01 00:00:00
1	904	{5A5C4491-7C6E-4D7F-A4ED-DF77D376AE31}	2011-04-01 00:00:00
1	905	{05363824-5EB0-4C28-B7B0-18262CD6490F}	2011-04-01 00:00:00
1	906	{C911E0EF-467B-4888-9A67-BF6F81645A62}	2011-04-01 00:00:00
1	907	{A21F9C48-0C03-41B7-A943-DB14238BAD8E}	2011-04-01 00:00:00
1	908	{0AB9AECC-61E5-4A5A-BA33-B7E678F6D1E0}	2011-04-01 00:00:00
1	909	{D119C9AD-6066-46D6-8B96-E44BDAAA6553}	2011-04-01 00:00:00
1	910	{EC8E33E4-0ABA-4208-8FDF-0CB89B98DD8A}	2011-04-01 00:00:00
1	911	{796240C6-64B1-48F6-91E5-BF584FADB20D}	2011-04-01 00:00:00
1	912	{8AE0266B-004B-45BE-9D9D-33D12D81F4E4}	2011-04-01 00:00:00
1	913	{13DFEDE7-BB40-42EF-96FB-6CB3A5A7476D}	2011-04-01 00:00:00
1	914	{139E916E-E908-4442-8163-9ECFA42EEDDB}	2011-04-01 00:00:00
1	915	{FCE4A2F8-643F-49C4-BD5F-31AA4B542F8D}	2011-04-01 00:00:00
1	916	{B24A30EE-6EF0-4ADE-AC68-05BD2B0077B6}	2011-04-01 00:00:00
1	917	{216D8315-5527-4E73-A1C3-0D4F48641550}	2011-04-01 00:00:00
1	918	{F4D2000D-5FE6-4AC9-A847-A31D033071E8}	2011-04-01 00:00:00
1	919	{277EC836-AD28-4BF2-A54D-0F1C05D75892}	2011-04-01 00:00:00
1	920	{BF197561-1536-42B8-A9ED-A19836BAC351}	2011-04-01 00:00:00
1	921	{FFE24AE4-9E46-4336-843F-D3C0EFBD09F8}	2011-04-01 00:00:00
1	922	{8E83B24E-FA2F-4DFF-8DB3-5D29A7F11598}	2011-04-01 00:00:00
1	923	{E8F6EF53-26B0-4E3D-B276-C2FDA7949FFC}	2011-04-01 00:00:00
1	924	{5805AD46-3714-4904-AA76-5227A274CAEE}	2011-04-01 00:00:00
1	925	{1AD68C9C-48A0-4826-9686-094890E282DA}	2011-04-01 00:00:00
1	926	{7D5A2F59-E318-48F2-8B2C-526FD091614A}	2011-04-01 00:00:00
1	927	{DC3EB2FB-985E-4D51-8ED6-B5B34F3CB6CD}	2011-04-01 00:00:00
1	928	{9124ECD0-B64E-4879-8E59-68B6823F0CE9}	2011-04-01 00:00:00
1	929	{4735F282-8A3E-4489-9356-CD28DF2A0173}	2011-04-01 00:00:00
1	930	{E7AEC04B-D966-4235-B6B8-968966AD9763}	2011-04-01 00:00:00
1	931	{58E1ABBD-9926-4E12-8C0C-F96446A42D3F}	2011-04-01 00:00:00
1	932	{49EFF4C6-9560-4860-BA68-DAB5CFAA2200}	2011-04-01 00:00:00
1	933	{86F24C2A-108A-46AE-8C67-F26289571153}	2011-04-01 00:00:00
1	934	{A316F6BF-5529-494D-BFDB-7E24DAAC823A}	2011-04-01 00:00:00
1	935	{F34B9F39-0F7F-486D-97AA-2E76C21EAD48}	2011-04-01 00:00:00
1	936	{9FB71A15-3549-409A-8297-78E038B58545}	2011-04-01 00:00:00
1	937	{4CFC5A24-0305-454C-8C4F-A02E13BCB75C}	2011-04-01 00:00:00
1	938	{BCDD293D-64A9-453F-BCCC-87A4B884F311}	2011-04-01 00:00:00
1	939	{38684803-60E5-471A-A5DC-F479C66523DD}	2011-04-01 00:00:00
1	940	{61811747-044C-4379-AD4F-876BE3FAC2F9}	2011-04-01 00:00:00
1	941	{01096D18-0E95-4940-95C2-E036FBCA2E0E}	2011-04-01 00:00:00
1	942	{6E5678FC-18BC-4CA4-82CF-A92E86570F6D}	2011-04-01 00:00:00
1	943	{88E86C7E-711A-49B4-A9DC-662D585A1FB7}	2011-04-01 00:00:00
1	944	{D25125F3-5A80-4AEA-B6B0-40A0E0C1B86A}	2011-04-01 00:00:00
1	945	{E01898AB-30B3-4D3D-9355-F8549584C9D7}	2011-04-01 00:00:00
1	946	{421B74C3-E6D6-465A-8A6B-60C3A5E45218}	2011-04-01 00:00:00
1	947	{92F44AEE-9667-4C65-A4E4-A78BE52FD033}	2011-04-01 00:00:00
1	948	{B660A8D6-FE43-4EA2-9815-22D7475EF79C}	2011-04-01 00:00:00
1	949	{871A209A-7CBE-4C48-B5D9-49CD828C70F3}	2011-04-01 00:00:00
1	950	{6D4C232D-0753-48A9-B41E-889F3EC897C3}	2011-04-01 00:00:00
1	951	{00C21E7C-FD29-44D5-96C4-7DC75D83C0A3}	2011-04-01 00:00:00
1	952	{8166FB14-6B3D-4446-9390-1B46ED281310}	2011-04-01 00:00:00
1	953	{F517D2F4-35BB-458E-8F9B-B8F2766DBE08}	2011-04-01 00:00:00
1	954	{2139D2AD-BA56-47D1-9273-8181E055ED1D}	2011-04-01 00:00:00
1	955	{D8B9563C-C4AC-4280-891D-65F52F846249}	2011-04-01 00:00:00
1	956	{12892F65-077A-4163-8C10-9440C299E93E}	2011-04-01 00:00:00
1	957	{C34A20A9-C0FC-497E-B9ED-F8533A27DF99}	2011-04-01 00:00:00
1	958	{C2D8594E-599B-45D2-8876-FAD32A2B1BB4}	2011-04-01 00:00:00
1	959	{E91C2832-06F7-47A1-BE1B-0181EE8C3B7E}	2011-04-01 00:00:00
1	960	{5FDAA339-AAFD-4BC4-AA78-94926ADAFC13}	2011-04-01 00:00:00
1	961	{35289DA6-3DAD-463C-B3E0-07E8146C1859}	2011-04-01 00:00:00
1	962	{5C034AA2-6F1A-43F4-9BEB-486D5770A7A5}	2011-04-01 00:00:00
1	963	{E9E6AB9E-C425-4EBC-A7F2-740C43D57D59}	2011-04-01 00:00:00
1	964	{A848379A-3438-465A-95EB-77D9AFD583F3}	2011-04-01 00:00:00
1	965	{AC5D171F-11BB-4130-82BF-8E16F14D948B}	2011-04-01 00:00:00
1	966	{DEDED0B9-5BF7-416E-9B9D-E316316274FD}	2011-04-01 00:00:00
1	967	{F65A54E8-1399-422D-8912-5B3C77795B5F}	2011-04-01 00:00:00
1	968	{CDCAC396-94F0-40AF-83C2-B8E393DB095C}	2011-04-01 00:00:00
1	969	{886476C5-D3F6-4340-BCE7-8911A896C899}	2011-04-01 00:00:00
1	970	{F74EF6B1-7FB9-4F19-8881-3C3F0712187A}	2011-04-01 00:00:00
1	971	{8EC6AFAC-C0A3-4825-9978-BC3FAF6225E4}	2011-04-01 00:00:00
1	972	{D652D9AD-6D41-4526-8E3B-2E19EC9E2550}	2011-04-01 00:00:00
1	973	{11089557-0C5B-4D65-96C6-DFBD32E50AD1}	2011-04-01 00:00:00
1	974	{416C7D99-588F-431A-8D22-1791E1130094}	2011-04-01 00:00:00
1	975	{B33DB957-B4DF-4DEE-862A-BF63C1329884}	2011-04-01 00:00:00
1	976	{D7D19687-493E-4919-9AE6-ADAA75F64AB0}	2011-04-01 00:00:00
1	977	{ADA1F2D1-9375-427F-93A8-F333C9781199}	2011-04-01 00:00:00
1	978	{D83AB13E-6C83-4D10-88E3-24A3A6BFAC89}	2011-04-01 00:00:00
1	979	{46C9E8F0-725E-4E97-8766-B39E90C3E8A4}	2011-04-01 00:00:00
1	980	{2B6664F4-64B8-4CF7-A549-0DB9772B1CF0}	2011-04-01 00:00:00
1	981	{32AA7C9C-7B5B-4777-9E6F-25AEC4830D63}	2011-04-01 00:00:00
1	982	{C76260E4-72DE-4DFD-A969-921302134AE7}	2011-04-01 00:00:00
1	983	{3FBBC5C7-8506-4FA6-8BD1-C5E3CFDE5A72}	2011-04-01 00:00:00
1	984	{69A8565A-7991-4874-86D0-327C4F320755}	2011-04-01 00:00:00
1	985	{90A7F526-C1EA-41E4-9F96-130C94B08604}	2011-04-01 00:00:00
1	986	{E8682657-7C58-4926-8606-4C358B7DB09D}	2011-04-01 00:00:00
1	987	{EAEEB46D-01C2-4307-98C2-5E96DE25C684}	2011-04-01 00:00:00
1	988	{73CBC91E-5633-46ED-8635-4E06FE1560C8}	2011-04-01 00:00:00
1	989	{5CF6D1B5-DA76-491D-B514-ED5B5FEA572C}	2011-04-01 00:00:00
1	990	{5FA38631-F1D4-4B66-B93A-01E3141DDACE}	2011-04-01 00:00:00
1	991	{36AE12E0-4D4C-457D-AE97-18BA0475EC33}	2011-04-01 00:00:00
1	992	{3D56F896-E3D6-4A21-B617-31C51490E94D}	2011-04-01 00:00:00
1	993	{694F5070-923E-4232-8A80-F034E6B0CBB2}	2011-04-01 00:00:00
1	994	{0F2BE73D-8BB3-4461-8A5D-6A0C29F83241}	2011-04-01 00:00:00
1	995	{6AB429F1-8778-4C0E-B346-8E32346D4963}	2011-04-01 00:00:00
1	996	{7645F0DD-C620-48AB-A727-E8AD39AFDD56}	2011-04-01 00:00:00
1	997	{95F47129-3AB3-4E1C-ABD6-706113E285F7}	2011-04-01 00:00:00
1	998	{14AE71DA-6003-4B55-93E0-DCAA68A4F334}	2011-04-01 00:00:00
1	999	{B2084244-90A4-4908-BC45-0F4FE01E7E22}	2011-04-01 00:00:00
2	707	{CCA6DBA4-0483-4292-A44E-E1AA3B49F63C}	2011-05-01 00:00:00
2	708	{859A66B9-D4FA-44EF-8F5F-D5F2CEF35A50}	2011-05-01 00:00:00
2	709	{BD95CAC4-C96B-411F-9BDB-83226AA5BEA4}	2011-05-01 00:00:00
2	711	{11166A91-5087-4C1E-B32A-D6FE4EAD9144}	2011-05-01 00:00:00
2	712	{94F10037-9F1A-47E1-A490-332DB0D30918}	2011-05-01 00:00:00
2	714	{7609C967-E0D0-485D-8E84-39CFE90106A8}	2011-05-01 00:00:00
2	715	{921A19C7-F31F-40E1-A8C4-F08EB77F67AD}	2011-05-01 00:00:00
2	716	{3796F39E-E0F7-4F48-88A6-4F971C10B351}	2011-05-01 00:00:00
2	725	{2A37D3F0-DE8A-491B-B8ED-E97617D19946}	2011-05-01 00:00:00
2	730	{50DEC893-F96A-428B-91CD-161D677ABD65}	2011-05-01 00:00:00
2	738	{C670B74C-D37C-4BC5-B368-95BB3B9C5B11}	2011-05-01 00:00:00
2	748	{4E87F2C0-3E1E-430F-90EB-32E790C1C739}	2011-05-01 00:00:00
2	754	{EFF3B406-75E6-49A2-B4EA-2255DB731514}	2011-05-01 00:00:00
2	760	{8077C273-D074-4A0E-82A4-052330BDE1A2}	2011-05-01 00:00:00
2	761	{2397F96E-2A43-44CD-B992-1B367D3B25AD}	2011-05-01 00:00:00
2	762	{D2C85483-4FFC-4AF6-ABCA-4B92C56FF5C1}	2011-05-01 00:00:00
2	763	{EE7562B5-BE42-408E-ABDA-628D27CCCA04}	2011-05-01 00:00:00
2	765	{B886F443-3956-4C32-91CE-4CA998BF2B98}	2011-05-01 00:00:00
2	766	{420DD72D-5186-4EC1-8D95-25C02A6978B1}	2011-05-01 00:00:00
2	768	{759570EF-0D80-43FA-9B83-786CCBB4D5A8}	2011-05-01 00:00:00
2	770	{04020C5C-ABC7-48C8-8495-99362004551E}	2011-05-01 00:00:00
2	772	{1F491435-6E07-44C0-A7EB-57A8B23EAC11}	2011-05-01 00:00:00
2	773	{E036A50F-07C2-4798-9E33-044FFC8E9107}	2011-05-01 00:00:00
2	775	{0AFDE120-913B-4FAD-8D98-63CBA5CEFE05}	2011-05-01 00:00:00
2	776	{2BE15DD8-B110-418A-B0EE-AC5F1A35B10B}	2011-05-01 00:00:00
2	777	{3D539D6C-DFBE-4839-ADCB-09B1D4D9235A}	2011-05-01 00:00:00
2	779	{F743E371-0E9B-462F-A214-E0E541AF6E0D}	2011-05-01 00:00:00
2	780	{7D3E5CB5-0943-4C0F-8FC2-BE2CB8F69D56}	2011-05-01 00:00:00
2	781	{A1896489-4925-4ABC-96C4-F66BA6F171C9}	2011-05-01 00:00:00
2	782	{1494A6E1-A73C-45DA-A6B8-CF1BD0B7A3D3}	2011-05-01 00:00:00
2	783	{65817836-B76A-44CF-9BD7-050E832C8D08}	2011-05-01 00:00:00
2	784	{5FB39C4B-2B7D-4B01-92AA-7730C25B3178}	2011-05-01 00:00:00
2	785	{AFC7AC0D-8EC3-4143-BBC1-D0AB2FD21AC5}	2011-05-01 00:00:00
2	786	{386882AB-F552-4324-B2A1-5E82A6999769}	2011-05-01 00:00:00
2	788	{443988C4-6852-4510-877F-1E12F4846CA4}	2011-05-01 00:00:00
2	789	{7BF2ED5C-B2C4-4C2E-9732-7E1495A9D59C}	2011-05-01 00:00:00
2	790	{607A569B-8A5B-4A37-88D5-CB52F902DE47}	2011-05-01 00:00:00
2	793	{76A77EDA-AF12-4D5F-A83F-1BA721AFB513}	2011-05-01 00:00:00
2	794	{1F95169B-FB08-43A1-940B-852FA4E97FE6}	2011-05-01 00:00:00
2	797	{F7E02A4E-AFF6-4655-944E-25EFD2880B37}	2011-05-01 00:00:00
2	798	{7903B768-D573-49C2-8007-82A466D112B2}	2011-05-01 00:00:00
2	801	{A0F4DDEA-045C-4E59-9135-737D2D66F1C2}	2011-05-01 00:00:00
2	804	{9B7D807D-DB0E-4CE7-BD6E-1584BACBA995}	2011-05-01 00:00:00
2	806	{66742649-45AD-4719-B97E-ABD944D0001B}	2011-05-01 00:00:00
2	808	{26551B66-C6F4-4B79-ADFC-0EFD10BBEE13}	2011-05-01 00:00:00
2	809	{305320EA-4DDC-4F81-9E9E-ACDEED9D2861}	2011-05-01 00:00:00
2	815	{511AF135-4785-40D1-9544-64F9C37E78BC}	2011-05-01 00:00:00
2	824	{F89A424B-7CF5-44C6-8DF8-4F86420AE061}	2011-05-01 00:00:00
2	825	{005D8818-0E25-4770-9A86-2B05371A5A1B}	2011-05-01 00:00:00
2	832	{71048253-685C-4738-B6FC-6DD88059D0A9}	2011-05-01 00:00:00
2	835	{C23E000B-6E49-4C4B-9B77-F1CCE7841BBE}	2011-05-01 00:00:00
2	841	{125BCD14-FFF4-425F-990E-7227E6D33EBA}	2011-05-01 00:00:00
2	843	{34CFEC0C-AFE9-4370-B504-1375D5698086}	2011-05-01 00:00:00
2	844	{A6FD3C8C-6FEE-41D9-9BA7-0AE9492E45A1}	2011-05-01 00:00:00
2	849	{CA2EE297-2A8F-4108-BC3D-C7B7D3E42003}	2011-05-01 00:00:00
2	852	{BCA372B9-0901-4C1D-8516-A526725C9B87}	2011-05-01 00:00:00
2	854	{076D7AE6-6AB7-4928-8987-18337709AF60}	2011-05-01 00:00:00
2	855	{DE5F28FC-37B5-431E-A7BD-D14A11AB0043}	2011-05-01 00:00:00
2	856	{23E2646F-4852-49AB-B709-3AC663217D2C}	2011-05-01 00:00:00
2	858	{4837F43B-931B-4CD1-8DB9-43976C6BB66C}	2011-05-01 00:00:00
2	859	{143F9FAF-85CE-4470-B76A-5F55E3FCC3A2}	2011-05-01 00:00:00
2	860	{A7801785-91B9-466C-91E4-7A41F447C36A}	2011-05-01 00:00:00
2	862	{7B838B44-9B4B-4268-B4C8-836A9022CAED}	2011-05-01 00:00:00
2	863	{1B0A1609-8E2E-4117-8066-CDF887A017DB}	2011-05-01 00:00:00
2	864	{2658A9D5-1554-49B3-9B01-5822067C9BAF}	2011-05-01 00:00:00
2	865	{434F2317-9479-41C8-B406-4AEEF32F73F8}	2011-05-01 00:00:00
2	867	{1941CFD2-1ACE-44D1-AD81-8DEF1DE5B99A}	2011-05-01 00:00:00
2	869	{8314CFC1-0EA8-4BC8-8D75-57DD6A36A4C4}	2011-05-01 00:00:00
2	870	{4B548FE0-1451-4A88-8A08-C460630E4C10}	2011-05-01 00:00:00
2	873	{F26C5A40-AE7C-4DFC-8DBE-EA655743CDD6}	2011-05-01 00:00:00
2	874	{7EAEF32A-336F-41B8-8B55-CF8BE3BFDD80}	2011-05-01 00:00:00
2	875	{FE624A90-9B5F-4287-8B14-9EEA867892AF}	2011-05-01 00:00:00
2	876	{3666A980-435C-4BEC-BB65-EB6C709A319D}	2011-05-01 00:00:00
2	877	{472196E8-98F3-4435-9A1A-046C9FB610D8}	2011-05-01 00:00:00
2	880	{ECA76182-2851-46A6-AB9E-76FEDF5CD8A7}	2011-05-01 00:00:00
2	881	{6F0CBE39-F9D8-4C21-9DCC-F80CF5930C38}	2011-05-01 00:00:00
2	883	{B3EC4738-468B-4426-A222-E01DD3B97680}	2011-05-01 00:00:00
2	884	{5D6308A2-E7FF-4C40-830D-A83CAD38F691}	2011-05-01 00:00:00
2	885	{A5DA0FCC-4B07-4E82-AA52-5243DFB36777}	2011-05-01 00:00:00
2	889	{6B360A64-38D4-4481-802D-17499C267587}	2011-05-01 00:00:00
2	892	{7C2E3DFD-89DB-4E32-8301-B8F382E7826C}	2011-05-01 00:00:00
2	893	{E05EA91B-82A8-4570-A572-2DB2BEFFDEE4}	2011-05-01 00:00:00
2	899	{FFC1F8D0-F9C4-452B-A827-8DFBA61FE1A4}	2011-05-01 00:00:00
2	904	{40752BC7-0EFC-48AC-B6AD-80CB52A0AA32}	2011-05-01 00:00:00
2	908	{F7809C83-F62E-4F38-8BC7-1D0C76AA35F8}	2011-05-01 00:00:00
2	909	{AA76A900-D7FD-4EE7-9C4C-1750CEEDACEF}	2011-05-01 00:00:00
2	917	{6C8803F6-B56D-4033-B24B-55A2F2317F15}	2011-05-01 00:00:00
2	925	{2E115D4A-988D-462A-B034-33FA9FEA2367}	2011-05-01 00:00:00
2	937	{3AD2917F-2E0E-435F-98D7-F1E03CB88407}	2011-05-01 00:00:00
2	944	{ACAA9E83-B670-4B6D-A826-30A76C4924E4}	2011-05-01 00:00:00
2	945	{311E3BD2-CF50-45BC-9385-D3CA59B404F0}	2011-05-01 00:00:00
2	948	{3978D7BC-5B59-4FDC-A77E-0D53FA7E2AE6}	2011-05-01 00:00:00
2	951	{2696B5B4-02C1-41AC-B976-BC4EA174EA60}	2011-05-01 00:00:00
2	952	{0D28AC46-7164-4507-9B33-1B8F75906734}	2011-05-01 00:00:00
2	953	{6AB947F6-5E2A-44C1-9984-B927800D6650}	2011-05-01 00:00:00
2	954	{077B559A-7A1D-41BD-A550-1DDCF82C6BFF}	2011-05-01 00:00:00
2	957	{33252F3C-CC82-41E7-8A5B-2D4F9595A7F1}	2011-05-01 00:00:00
2	961	{45233C6A-ACE4-4DB5-BDAD-B37FB35A3ACA}	2011-05-01 00:00:00
2	965	{B517299A-0212-4E00-8C65-F6BB3185F148}	2011-05-01 00:00:00
2	966	{A29DA87F-326C-4450-B1C6-87CB477A732F}	2011-05-01 00:00:00
2	969	{E53D8624-A7A4-44EE-8C19-7936B5452581}	2011-05-01 00:00:00
2	970	{33F98549-2225-4557-865B-722A37134173}	2011-05-01 00:00:00
2	972	{592DAB8A-1C90-4609-9E0F-DC2DFE6F0C56}	2011-05-01 00:00:00
2	973	{500E425C-5F9F-40F4-8730-8383003936D8}	2011-05-01 00:00:00
2	974	{F445BE01-2386-4FC2-A3CA-5C1052E48E76}	2011-05-01 00:00:00
2	976	{12460F83-1677-431A-B7CF-28A3A980B99F}	2011-05-01 00:00:00
2	979	{3BC8F1FE-4500-4545-8B25-922BE55DCFF9}	2011-05-01 00:00:00
2	981	{041CE039-CCB5-469B-B581-6F20D6011431}	2011-05-01 00:00:00
2	983	{9344F964-044A-48CE-A5F5-7130CC3B8EEE}	2011-05-01 00:00:00
2	998	{AED3F29F-A5F1-4411-A37D-6D604C9D4F45}	2011-05-01 00:00:00
2	999	{4FF26A13-4806-4B51-94D3-D545DAEC7825}	2011-05-01 00:00:00
3	707	{5F32C413-EFD3-460C-9FDD-88F8504230F4}	2011-05-01 00:00:00
3	708	{50C8F56C-ACEE-4639-9E13-10D5FBD29C5C}	2011-05-01 00:00:00
3	709	{29B54CF5-A065-4C82-A321-6C328200DC93}	2011-05-01 00:00:00
3	711	{DD280317-257F-47C8-BE06-29DF75B505CC}	2011-05-01 00:00:00
3	712	{A35D29E0-58D0-416B-A724-285EC66304F7}	2011-05-01 00:00:00
3	714	{B6BB40EE-1A7B-4DD9-967F-D80140FE5253}	2011-05-01 00:00:00
3	715	{0B7BA964-E788-4252-80EF-20A0684BDF79}	2011-05-01 00:00:00
3	760	{CF66AC74-71CC-4E2C-A1B9-9254C492BC32}	2011-05-01 00:00:00
3	761	{920EED8B-BF82-401D-A0E5-CFD894582EE5}	2011-05-01 00:00:00
3	762	{C7721B66-9CCB-4CE2-989F-6B3B8F80C19E}	2011-05-01 00:00:00
3	763	{8C9D89C6-5B82-4DC9-9A56-3730B344FE6A}	2011-05-01 00:00:00
3	765	{AE7D5732-AD18-42D8-85EB-2A9F3653BDCA}	2011-05-01 00:00:00
3	770	{AF086096-3F8B-4272-9041-4F2A3D459BBB}	2011-05-01 00:00:00
3	780	{0EC4E533-8225-4FE6-A9A3-BD7A0AF1D4A4}	2011-05-01 00:00:00
3	782	{1B1F3866-8078-440E-AA15-AD857553CCF7}	2011-05-01 00:00:00
3	783	{F9D280F0-0081-4884-896D-95FF7EC520AB}	2011-05-01 00:00:00
3	789	{6165C1D9-BC2D-4CDB-A400-57265FB0D281}	2011-05-01 00:00:00
3	801	{18FC9478-B0E6-41CB-B0A7-CBE4CB9BACB8}	2011-05-01 00:00:00
3	806	{A8E94C3D-54D7-4DBD-90B9-6C97D0D1865F}	2011-05-01 00:00:00
3	808	{17B7F5F3-3D75-4E42-A02A-1254E056AD22}	2011-05-01 00:00:00
3	824	{945CCFB9-D152-4A1B-A388-C8FFC03F3DF7}	2011-05-01 00:00:00
3	825	{FE144D0A-26D0-4E26-A3C8-98681DA0A7E2}	2011-05-01 00:00:00
3	835	{C33C4BEB-25E2-4C05-AF57-1FE1FD3B713B}	2011-05-01 00:00:00
3	849	{28CBD30C-9782-453A-BF80-DB5B06CD0684}	2011-05-01 00:00:00
3	852	{80E1FABB-7B30-433C-A78A-2164407C9585}	2011-05-01 00:00:00
3	854	{849F66E7-7AA7-45C8-8E61-FAABB1ADAC70}	2011-05-01 00:00:00
3	856	{CE547656-EFD9-4649-B7A6-5CFC92E7D583}	2011-05-01 00:00:00
3	858	{6A1A5E22-1174-4751-9BF2-7ED80949F1AE}	2011-05-01 00:00:00
3	859	{9C3E1F5A-A4BB-4B8D-9AA1-40976B106CE3}	2011-05-01 00:00:00
3	862	{6BF85B37-C468-41C9-8F8B-E6D088856B2B}	2011-05-01 00:00:00
3	863	{EBD91F48-7809-4949-B88D-DE3405FFA143}	2011-05-01 00:00:00
3	864	{2B1101FD-C6AE-4D7B-87AC-524685C79A87}	2011-05-01 00:00:00
3	865	{90130F12-EFEE-4C3B-B6CC-379234A3E51A}	2011-05-01 00:00:00
3	867	{086FBC66-DF6D-46CF-97D4-61A33573C505}	2011-05-01 00:00:00
3	869	{9EF691CE-15B7-469E-B772-619B53258E59}	2011-05-01 00:00:00
3	870	{4B657970-415A-4107-A78D-BF6FB4316981}	2011-05-01 00:00:00
3	875	{A878FD99-4543-45B4-AFB3-CBDB2232CFE6}	2011-05-01 00:00:00
3	876	{2D0A5933-FD1A-4877-A8ED-D78349F13477}	2011-05-01 00:00:00
3	877	{DF648321-DB4A-41F3-AC66-CFFAA561C24E}	2011-05-01 00:00:00
3	880	{0DF2DE48-6EFB-4AEE-8B1F-F7684625E0DC}	2011-05-01 00:00:00
3	881	{DC11D5DA-2D55-478C-82F3-C612A5BF033F}	2011-05-01 00:00:00
3	883	{F37D5E09-CDA8-47BD-A334-7829E557F058}	2011-05-01 00:00:00
3	884	{A338943D-7C5D-47C7-97A1-A5B931F73123}	2011-05-01 00:00:00
3	886	{EAC3AC1C-3D1A-4EF2-B2E0-83D86B7F4260}	2011-05-01 00:00:00
3	892	{F30ACD94-2563-4817-8DAC-16452B145160}	2011-05-01 00:00:00
3	893	{CFE810CE-610A-4131-9B65-ABE4AFFE6D9F}	2011-05-01 00:00:00
3	957	{4772E647-75B9-457A-8816-615096474376}	2011-05-01 00:00:00
3	966	{90C39E08-4171-425A-80A1-EFF5A5BA5C63}	2011-05-01 00:00:00
3	969	{B6D475B4-D76D-4899-A9B4-3A7D4FA7230E}	2011-05-01 00:00:00
3	972	{D8F8484F-D53B-470F-ABE6-6FD933109755}	2011-05-01 00:00:00
3	973	{02F8656C-0612-4AA2-BE91-1AB39847F276}	2011-05-01 00:00:00
3	974	{229D2375-2D78-4C6A-806B-0B359716A9F8}	2011-05-01 00:00:00
3	976	{0EEEA76A-5F20-4305-BD42-9277612E6C9E}	2011-05-01 00:00:00
3	979	{C4C198E9-685A-4984-B8AD-9D45DD163B7E}	2011-05-01 00:00:00
3	998	{FE9976C4-2B12-4F73-995A-2F407810BC3D}	2011-05-01 00:00:00
4	709	{D0AB45EB-5451-4E87-A2B4-1F331788DC39}	2011-05-01 00:00:00
4	712	{D633C207-8BA5-414D-87B5-8BA1FFBF9482}	2011-05-01 00:00:00
4	715	{AA7929FF-9888-4D12-B9CB-A5326E2E8501}	2011-05-01 00:00:00
4	794	{CE63A0FD-D375-4A30-8F2F-035DCA1D1AE5}	2011-05-01 00:00:00
4	852	{0471A4C0-C19D-4EF0-BE64-1E27BD6E7E69}	2011-05-01 00:00:00
4	862	{D0A99995-AF29-47FF-984E-F694EB93A3CC}	2011-05-01 00:00:00
4	863	{0DEFBC2F-F6B5-4BC0-AEC0-971CA3D4FCE1}	2011-05-01 00:00:00
4	864	{C0309837-0E2A-40BE-826C-627063DBA185}	2011-05-01 00:00:00
4	867	{386CA7AE-45C6-42F1-A654-CDDB10BC5C8E}	2011-05-01 00:00:00
4	869	{ECE5A78F-804B-4610-89D7-4DA879CB9082}	2011-05-01 00:00:00
4	870	{7B95B3D9-69F9-462A-B610-E89E3E66C4D3}	2011-05-01 00:00:00
4	875	{FE70F9BC-B3F6-44B0-896F-1BDAD5674B2A}	2011-05-01 00:00:00
4	876	{1AC1972E-B7E5-49FC-88AB-AC938590F955}	2011-05-01 00:00:00
4	877	{6138D258-1801-4E2B-B5EA-9BA1F3F4E8BB}	2011-05-01 00:00:00
4	884	{3930F7A8-3053-40C3-8088-9F082ABA327B}	2011-05-01 00:00:00
4	954	{5DE01F87-A8C7-4978-AD9B-5C63824D702A}	2011-05-01 00:00:00
4	976	{E7366117-782D-4290-BF30-11C42BFE3E42}	2011-05-01 00:00:00
5	863	{64A60AE5-7214-4D31-A6F0-34C72F16E018}	2011-05-01 00:00:00
5	869	{58FE602F-F754-4EFC-BDFA-63D7571C1C24}	2011-05-01 00:00:00
7	771	{EE509F88-CF3E-4CD7-ACAE-E68C4B924E66}	2012-03-14 00:00:00
7	772	{FB4D2557-6B0C-4739-994B-7E4DC0DA5005}	2012-03-14 00:00:00
7	773	{25DCFFD9-DAC8-4AFF-918F-A96011A03607}	2012-03-14 00:00:00
7	774	{B5C1F1B7-AE3A-433C-B1AC-B14A2676CF28}	2012-03-14 00:00:00
7	775	{59D27EEC-FA9F-46AE-A877-1FA28487FD69}	2012-03-14 00:00:00
7	776	{8A0B46A3-7336-4F9A-AA82-A90380E33572}	2012-03-14 00:00:00
7	777	{F5171C6E-995D-49D8-86BD-A30878E0E05D}	2012-03-14 00:00:00
7	778	{0C1AFE3D-0CB5-47C4-9DDA-475570F278D6}	2012-03-14 00:00:00
8	707	{13302081-DE14-494E-8C18-BC6849760168}	2012-04-30 00:00:00
8	708	{4C95EB32-7858-4DB8-B9BF-D39CF3C8E269}	2012-04-30 00:00:00
8	711	{F7676DEC-B06B-48AF-917E-7C39341E7F74}	2012-04-30 00:00:00
9	762	{0EE62DEA-0281-4512-89FF-C745A207C91B}	2012-04-30 00:00:00
10	928	{DC836DA3-B45C-4CC8-9C17-45B84E9333DE}	2013-04-14 00:00:00
10	929	{400EE299-745C-4003-B59A-4142FC8CE0B1}	2013-04-14 00:00:00
10	930	{33713B2B-4275-4004-82E0-BAA66E63B095}	2013-04-14 00:00:00
11	707	{AF988F8E-4FEC-4C77-9D51-C869C7CE2628}	2013-04-30 00:00:00
11	708	{3754699E-F05F-451B-BFAE-9CA15EBFC377}	2013-04-30 00:00:00
11	711	{9BF2C427-FF7E-4765-8BCB-7592F243F6E8}	2013-04-30 00:00:00
12	722	{C5614BC8-BE1B-429E-A088-C460DA833113}	2013-04-30 00:00:00
12	723	{DD5BE8A7-2EE6-4D2B-A2E3-D31630426106}	2013-04-30 00:00:00
12	724	{D7D21F00-02FA-41BB-A300-7CA79E26D6EF}	2013-04-30 00:00:00
12	725	{2AF51035-AE0E-4B00-B513-A9F8DE6F0851}	2013-04-30 00:00:00
12	726	{FBAEC2A3-59BA-495D-AAB5-87BC02F4D6E9}	2013-04-30 00:00:00
12	727	{DFA49312-8AF0-40AD-B3C0-BBF77736D85E}	2013-04-30 00:00:00
12	728	{2AE19599-7A40-4FB6-9B5D-F85CCA827BED}	2013-04-30 00:00:00
12	729	{B1AD17FD-24D8-4FB0-A821-6665B6BE9626}	2013-04-30 00:00:00
12	730	{ADF3AEB6-ADF8-4D45-8B80-8A301489E74C}	2013-04-30 00:00:00
12	736	{49DCD015-844E-4B96-B819-84B0E46BD47A}	2013-04-30 00:00:00
12	737	{2D79385D-555C-4033-8083-3517D802F1A4}	2013-04-30 00:00:00
12	738	{D58832BE-37F7-406E-9149-CDA313155EC2}	2013-04-30 00:00:00
13	958	{0D90D096-7D39-41AA-A5D7-AD4716605175}	2013-04-30 00:00:00
13	959	{E592063B-BA98-4A38-83E0-1C55A1D4D26D}	2013-04-30 00:00:00
13	960	{4B0FBEE7-BF5E-4D32-9F70-F2AB236A3049}	2013-04-30 00:00:00
13	961	{436204C6-2266-4F99-9A32-97A0016AB189}	2013-04-30 00:00:00
13	962	{DD1308B7-9972-479C-9E65-9143E5279CC0}	2013-04-30 00:00:00
13	963	{9B4278BD-6C79-454D-9BA1-9342F445106B}	2013-04-30 00:00:00
13	964	{69BE3FAF-96F4-4555-8015-167295621BFE}	2013-04-30 00:00:00
13	965	{2893EE65-7188-4613-A9C6-F6EF22AB063D}	2013-04-30 00:00:00
13	978	{F324603B-4482-48A7-95A5-137D28F4C572}	2013-04-30 00:00:00
13	979	{680038C5-5C0B-4AC2-8D71-BD63F5DD04E3}	2013-04-30 00:00:00
14	954	{6C388B60-BA16-4162-A2A3-7571BC7940C8}	2013-04-30 00:00:00
14	955	{37C1C12C-AEAE-42CF-9F42-2B5D4BB7AF7D}	2013-04-30 00:00:00
14	956	{0A6D6E36-1708-44EC-9528-67BB8472FFC7}	2013-04-30 00:00:00
14	957	{E9E679DB-0A94-429D-896B-353D08CACE47}	2013-04-30 00:00:00
15	935	{E51B726D-274A-4A27-85BC-2148D4219E92}	2013-06-14 00:00:00
15	936	{09659C40-EE49-4D99-8A4E-EC09C366F383}	2013-06-14 00:00:00
15	937	{08A8EB19-1142-4E8E-BB80-38811E485200}	2013-06-14 00:00:00
15	938	{FF93AC1F-49DC-4A67-9C96-9592CCE6D2B1}	2013-06-14 00:00:00
15	939	{E91B2C2D-A400-4945-9CE0-A1D59063C3C6}	2013-06-14 00:00:00
15	940	{A497D0BD-5CF4-46CB-A596-FAA6B28932F7}	2013-06-14 00:00:00
15	941	{339358CA-F265-460E-8510-CBC10388DF38}	2013-06-14 00:00:00
16	782	{C643F9AE-F5C5-45B1-8D0B-E2BF4D78A315}	2014-03-01 00:00:00
16	784	{EEF40E39-872F-45A1-81B0-50857E089A11}	2014-03-01 00:00:00
16	984	{52DD0F65-0EA9-4848-9884-7594BA953274}	2014-03-01 00:00:00
16	985	{C8127A82-05C3-42FD-A5C6-215D58A236BD}	2014-03-01 00:00:00
16	986	{C60FB28D-2431-481C-985E-3FEA8119D705}	2014-03-01 00:00:00
16	987	{BEBD6F20-D6C2-4511-8C97-1F53B2099D1F}	2014-03-01 00:00:00
16	988	{2981C98B-A18F-4153-A6A2-EC453CB130CE}	2014-03-01 00:00:00
