<?xml version="1.0" encoding="UTF-8"?>
<project-private xmlns="http://www.netbeans.org/ns/project-private/1">
    <editor-bookmarks xmlns="http://www.netbeans.org/ns/editor-bookmarks/2" lastBookmarkId="0"/>
    <open-files xmlns="http://www.netbeans.org/ns/projectui-open-files/1">
        <file>file:/home/gixxy/NetBeansProjects/UltimateAscent/src/org/usfirst/frc3946/UltimateAscent/Robot.java</file>
        <file>file:/home/gixxy/NetBeansProjects/UltimateAscent/src/org/usfirst/frc3946/UltimateAscent/OI.java</file>
        <file>file:/home/gixxy/NetBeansProjects/UltimateAscent/src/org/usfirst/frc3946/UltimateAscent/commands/CommandBase.java</file>
        <file>file:/home/gixxy/NetBeansProjects/UltimateAscent/src/org/usfirst/frc3946/UltimateAscent/subsystems/DriveTrain.java</file>
        <file>file:/home/gixxy/NetBeansProjects/UltimateAscent/src/org/usfirst/frc3946/UltimateAscent/subsystems/BinaryLoadLifter.java</file>
    </open-files>
</project-private>
